names,scores,logfoldchanges,pvals,pvals_adj,pct_nz_group
IGFBP7,95.22153,1.7102286,0.0,0.0,0.7338049170788479
CRYAB,93.82842,1.5266933,0.0,0.0,0.3090122199592668
ZFP36,85.90347,0.93633634,0.0,0.0,0.28249199883619436
MGP,82.12045,1.58469,0.0,0.0,0.252673116089613
HSPA1A/B,77.55656,0.99654,0.0,0.0,0.3077065755018912
MT2A,76.201614,1.2080444,0.0,0.0,0.46722432353796917
MHC I,71.910355,0.7459894,0.0,0.0,0.8161805353505964
IFITM3,71.35544,0.8470634,0.0,0.0,0.3544188245562991
TAGLN,69.03527,1.3495646,0.0,0.0,0.261059790514984
DCN,66.506065,1.1019248,0.0,0.0,0.22697846959557755
HSPB1,59.699265,0.7181011,0.0,0.0,0.4605251672970614
CD74,58.18855,0.8708037,0.0,0.0,0.3316736979924353
THBS1,56.98703,1.293105,0.0,0.0,0.26416933372126855
PSAP,55.36317,0.6398979,0.0,0.0,0.4837794588303753
TPM2,50.98667,0.9462056,0.0,0.0,0.18619435554262437
COL6A2,48.636963,1.5126424,0.0,0.0,0.12876782077393076
XIST,46.920887,2.8723402,0.0,0.0,0.08731815536805354
VIM,45.306248,0.25539264,0.0,0.0,0.239249345359325
ACTA2,45.239777,1.3325877,0.0,0.0,0.12867326156531858
ANXA2,45.050865,0.85850173,0.0,0.0,0.18698719813791098
EZR,41.3442,0.7877847,0.0,0.0,0.29575938318300843
CALD1,40.539574,0.77448815,0.0,0.0,0.1768984579575211
MRC2,40.145306,1.4096303,0.0,0.0,0.11388201920279313
ADIRF,39.568916,0.6234207,0.0,0.0,0.34382091940645915
CLU,38.340313,1.0562235,0.0,0.0,0.19344268257201047
JUN,38.24017,0.34293565,0.0,0.0,0.2547752400349142
KLF2,38.193424,0.67657685,0.0,0.0,0.1543060808844923
HLA-DRB,36.97226,0.68227905,3.197011309652794e-299,4.156114702548631e-298,0.25335685190573176
IL32,36.951168,0.36162737,6.975709691935841e-299,8.952160771317663e-298,0.19695228396857725
SRGN,35.105064,0.7761148,5.642311577340152e-270,6.80476372158734e-269,0.13910750654640675
MT1X,34.85383,0.78236663,3.725664061036296e-266,4.4397496727349196e-265,0.25463703811463484
DUSP1,33.500404,-1.3063594,4.755009725915379e-246,5.534610157722436e-245,0.3981051789351178
SERPINE1,33.018085,1.7061863,4.4687863554137745e-239,5.141672576746194e-238,0.08568519057317428
IFITM1,32.248924,0.610051,3.6420632696891205e-228,4.0962981269200106e-227,0.23187009019493746
PDGFRA,31.883656,1.3451313,4.499112719419262e-223,5.004013146820757e-222,0.0902058481233634
COL27A1,31.400854,0.98645335,1.9697892215374298e-216,2.0976159688925182e-215,0.11716977014838521
TNXA/B,30.435268,1.2580281,1.8767312274838224e-203,1.977482061801375e-202,0.08911114343904568
BGN,30.307571,0.9170227,9.110784310261253e-202,9.499890723511994e-201,0.14371181262729124
TNFRSF14,29.966795,0.5253402,2.6587222879900317e-197,2.7436917631732187e-196,0.23076447483270293
ACSM2B,29.697184,0.71318287,8.349133578079433e-194,8.274735358076745e-193,0.27047206866453305
CFD,29.158747,1.8145725,6.471715595629299e-187,6.289502243907697e-186,0.0698610707011929
COTL1,29.123198,0.6884006,1.8257633436291523e-186,1.757297218243059e-185,0.2503491416933372
MMP2,28.875982,1.3686811,2.391394856329024e-183,2.2797964297003363e-182,0.07834594122781495
TUBB4B,28.647173,0.51468533,1.738495534325389e-180,1.6113278054256616e-179,0.2199483561245272
IL6R,28.430645,0.95147824,8.455737849526878e-178,7.694721443069459e-177,0.11488943846377656
COL1A2,26.838104,1.2731966,1.1613054997257852e-158,9.687223376879258e-158,0.08129909805062555
FKBP5,26.814768,0.40839475,2.1737026891067144e-158,1.798244951897373e-157,0.2055608088449229
CLDN4,26.21186,0.81405056,1.9466292894259123e-151,1.597193375996179e-150,0.1312809135874309
MYL9,25.99236,0.43796644,6.041933663204206e-149,4.877399674893073e-148,0.1585030549898167
TNFRSF12A,24.761883,0.7761134,2.3090431946761133e-135,1.8057439358365543e-134,0.10928135001454757
HAVCR1,24.715736,1.0956104,7.245013362119224e-135,5.578660288831802e-134,0.08283750363689264
COL1A1,24.668213,0.6364845,2.3468646083626567e-134,1.793291200741236e-133,0.12206866453302298
C11orf96,24.293266,0.71071535,2.3094302504343865e-130,1.738150135853249e-129,0.11777349432644749
CUBN,24.173208,0.52850837,4.2577057518890944e-129,3.180569744508197e-128,0.18524512656386383
PIGR,24.109734,0.8717695,1.976160627614988e-128,1.4652865098093355e-127,0.11949738143729997
SQSTM1,23.777374,0.33600754,5.726359523702441e-125,4.214769031783929e-124,0.3305717195228397
ENG,23.492916,0.5673175,4.8187838576416135e-122,3.470217727697306e-121,0.12264693046261274
CYP1B1,23.144226,0.64305806,1.6620380274138154e-118,1.188357189600878e-117,0.10664823974396276
COL14A1,22.273373,1.5566386,6.696746002293884e-110,4.687722201605719e-109,0.058121181262729124
LMNA,22.066706,0.83281344,6.603193327033417e-108,4.5901364724725346e-107,0.08593249927262148
IGFBP6,21.955618,1.1858155,7.653543917375634e-107,5.283584456064145e-106,0.06849723596159442
ADGRE5,21.766487,1.2519423,4.822093773195663e-105,3.261429639843824e-104,0.060925225487343616
B2M,21.65341,0.118510395,5.644501215368479e-104,3.79204410508983e-103,0.5392347977887693
RGS2,21.583422,0.28031802,2.5712138985102284e-103,1.7158567416058257e-102,0.13582702938609253
CD44,21.48861,0.6382073,1.989792113895166e-102,1.3190608649066631e-101,0.10340413151003783
PDGFRB,21.395945,0.7835564,1.457476883035984e-101,9.535518692281177e-101,0.08855833575792843
AR,20.994068,0.62013936,7.430588664210873e-98,4.737591880812156e-97,0.10634274076229269
NEGR1,20.905733,0.8697191,4.748560571862926e-97,3.0084235015410056e-96,0.07949156240907769
LRP2,20.840158,0.4630466,1.8722080600281657e-96,1.1786668352755936e-95,0.19200247308699447
KRT16,20.799904,1.503567,4.3368526966422726e-96,2.713243468336822e-95,0.05254946173988944
SNAI2,20.675533,0.96481633,5.752786794151947e-95,3.5767326589727325e-94,0.06908277567646202
NFKBIA,20.333601,0.31849325,6.486330114595768e-92,3.9350402695214326e-91,0.17678207739307536
IGFBP5,20.229479,0.10376794,5.386894054491229e-91,3.2483620171962168e-90,0.23060808844922898
NDRG1,20.209713,0.18449585,8.041299653073922e-91,4.819964642351494e-90,0.30346959557753855
HSP90AB1,19.732128,0.20435338,1.1425686462204958e-86,6.727713028627743e-86,0.3762656386383474
PLVAP,19.411015,0.94508076,6.228480488984896e-84,3.6038780170369255e-83,0.07962249054407913
TACSTD2,19.198433,0.99801886,3.8142264708687103e-82,2.1942762628388388e-81,0.09750872854233343
LUM,18.632093,0.75491756,1.7648440177671224e-77,9.924768886431964e-77,0.08679444282804771
RGS5,18.57965,0.94995534,4.6954413023807294e-77,2.6257747171414024e-76,0.08292842595286587
LDHA,18.533152,0.4754218,1.1155754225557215e-76,6.169563524741862e-76,0.15986325283677627
KRT8,18.368029,0.24674784,2.3685988606186333e-75,1.3027293733402483e-74,0.20771748617980798
TM4SF1,18.259434,0.87029815,1.7408692949181056e-74,9.470707414201215e-74,0.0768620890311318
H4C3,18.247671,0.22024971,2.1592190107642734e-74,1.1683125566351556e-73,0.3908386674425371
SYNPO2,17.84404,1.068884,3.215827805791311e-71,1.694233491366896e-70,0.05596086703520512
C1QA,17.773909,0.90930533,1.1256816810389072e-70,5.899514988062545e-70,0.07323974396275822
COL6A3,17.70612,0.8564877,3.7612185663366064e-70,1.9609269713036161e-69,0.06763165551352925
SOX4,17.496407,0.58896524,1.5259645834836794e-68,7.914458798275456e-68,0.095679371544952
SPRY4,17.44046,1.2376637,4.067859868149314e-68,2.088168065649981e-67,0.04896712249054408
STMN1,17.418442,0.6417871,5.9783220213805076e-68,3.053214460919331e-67,0.09134055862670934
CARMN,17.386034,0.7168989,1.0527079511261554e-67,5.3490388785648814e-67,0.07138129182426535
CXCL14,17.094425,0.57510966,1.632958905384499e-65,8.092038932128136e-65,0.30108379400640095
IGKC,17.081385,2.1708407,2.0421728879124188e-65,1.002066206274672e-64,0.06407841140529531
C1QB,16.955551,0.97628367,1.751134163481542e-64,8.468044916159535e-64,0.06505309863252837
COL3A1,16.771265,0.7069881,3.959870714705519e-63,1.8965696580958012e-62,0.07406168169915624
VWA1,16.759737,0.82256514,4.807437569083078e-63,2.291545241262934e-62,0.06600232761128891
IGHG1,16.71795,2.2116492,9.69969042771012e-63,4.579900999121618e-62,0.058532150130928134
RAMP1,16.132418,0.7873592,1.5099334365912725e-58,6.87019713649029e-58,0.06663878382310154
PLAC9,16.021044,0.9832283,9.110773694335491e-58,4.126644555669605e-57,0.05355324410823392
HSP90AA1,16.003002,0.23845993,1.2176043835983123e-57,5.46556945283368e-57,0.28482688391038696
CELSR1,15.8768635,0.49849448,9.164847716787802e-57,4.0773389175575957e-56,0.13034623217922606
LYZ,15.778213,1.3342993,4.394583147446339e-56,1.9464503232715866e-55,0.054760692464358454
SPARCL1,15.605824,0.84482825,6.644528023265935e-55,2.891814152734435e-54,0.06524585394239162
COL12A1,15.565136,0.8712755,1.2560343461695516e-54,5.442815500068057e-54,0.05653549607215595
PAPPA2,15.555926,0.9770481,1.4504184160664205e-54,6.258055321045203e-54,0.05474614489380274
NTRK3,15.540635,0.72184294,1.841487280304631e-54,7.911282264313029e-54,0.06218722723305208
IGF2,15.455597,0.9296194,6.916743203598837e-54,2.958829037095058e-53,0.05360052371254
KRT18,15.271303,0.2219805,1.1877516671694953e-52,5.059316675900701e-52,0.19712685481524586
CSF1,15.148809,0.62910175,7.715105907913937e-52,3.244882778916744e-51,0.07379255164387548
CD63,15.030655,0.19532722,4.624092173994383e-51,1.928631777570157e-50,0.26817718940936863
EPHA2,14.812389,0.5558467,1.218307860323296e-49,4.957423447900892e-49,0.07574192609834157
STAT6,14.603327,0.50453866,2.674677651646724e-48,1.0839483114568302e-47,0.08715449519930171
CD68,14.230239,0.733251,5.947830733623485e-46,2.3626105414115507e-45,0.06067064300261856
APP,14.185851,0.2804982,1.1209666962764291e-45,4.4351291026589154e-45,0.24279167878964214
SERPINH1,14.15337,0.5166183,1.7801715711402346e-45,7.015558042170766e-45,0.08260474250800116
ACVRL1,14.089888,0.633246,4.382561263462986e-45,1.7136499315337692e-44,0.06695155659004946
ACE,14.07255,0.7718859,5.6012655379292904e-45,2.1732041873903953e-44,0.06836267093395403
CXCL16,13.819543,0.5863614,1.942987090133836e-43,7.423397241312861e-43,0.0692027931335467
EMP3,13.798675,0.4921125,2.595808655287107e-43,9.879864881910245e-43,0.07626927553098632
ICOSLG,13.605192,0.52067226,3.7298641287847703e-42,1.4036067642532162e-41,0.07366526040151294
AQP3,13.281223,0.36591217,2.9749528792801186e-40,1.1111671015520145e-39,0.14953447774221704
CXCL12,13.260834,-0.4567568,3.905285732286305e-40,1.4532308617169485e-39,0.24950901949374454
CRIP1,13.122189,0.8226373,2.4573497691847682e-39,9.076779036730453e-39,0.1554262438172825
LGALS1,12.980506,0.45127013,1.578341654950295e-38,5.766131374471698e-38,0.10318591795170207
TYROBP,12.745657,0.8546082,3.2960261473037393e-37,1.191091037346947e-36,0.053655077102123944
AP1S3,12.729855,0.6528994,4.035877651054505e-37,1.4532063052897695e-36,0.05819391911550771
CAV1,12.7053175,0.6009533,5.52447269143846e-37,1.9820778366056983e-36,0.06479851614780331
PECAM1,12.648225,0.306346,1.1443111407474015e-36,4.09091232817196e-36,0.10691736979924353
PTGES,12.514717,0.9247014,6.202816529754464e-36,2.1862744177057107e-35,0.04589394821064882
SOX9,12.483917,0.8989324,9.137801741434119e-36,3.2094524712896675e-35,0.045639365725923774
REN,12.419602,0.08756022,2.0457607679279655e-35,7.160162687747879e-35,0.0642129764329357
ITGA1,12.375145,0.4960282,3.5625131534513037e-35,1.24253507547204e-34,0.08008801280186209
CCL2,12.365005,0.604941,4.0418997813028793e-35,1.4048408614875631e-34,0.0597323247017748
RXRA,12.352976,0.41892603,4.694217189594513e-35,1.6259209020014212e-34,0.08983124818155368
THBS2,12.257375,0.9791197,1.5338890041646072e-34,5.27636733047688e-34,0.04078047716031423
ITGB1,12.230333,0.43147722,2.1405769607749005e-34,7.338073759368751e-34,0.08172461448938027
HLA-DRA,12.074382,0.3870585,1.4424459141752136e-33,4.878001216518206e-33,0.11913005528076812
MAF,12.050576,0.19732942,1.925981195072093e-33,6.491269953761498e-33,0.24696319464649402
SPP1,11.996637,-0.6852632,3.700271714217564e-33,1.2429436194401952e-32,0.35298588885656096
FABP5,11.636766,0.99327534,2.6798272948837207e-31,8.911983794613305e-31,0.03935117835321501
LTB,11.610116,0.50336957,3.6611923273477954e-31,1.2095226137541726e-30,0.06795897585103287
ETV5,11.5849,0.813746,4.915417790904362e-31,1.613224002850907e-30,0.04500654640675007
IL4R,11.543626,0.6851795,7.950191862577556e-31,2.6007000177908938e-30,0.04937809135874309
CCL21,11.348905,0.5606315,7.509769062195489e-30,2.4327763207953673e-29,0.04924716322374163
BMP1,11.308774,0.66603374,1.1873724108230285e-29,3.834063816883392e-29,0.049934535932499274
MERTK,11.187892,0.6721233,4.6741454951022166e-29,1.4853395684435932e-28,0.051120162932790224
TGFB3,11.079364,0.6661646,1.579903374533259e-28,4.988906239456758e-28,0.04977814954902531
HLA-DQB1/2,10.99431,0.340873,4.070115265745103e-28,1.2811903713870591e-27,0.07446901367471633
CD55,10.98614,0.49899125,4.455769415374489e-28,1.3981897131002709e-27,0.07011201629327903
IGHG2,10.981074,1.9958111,4.7128647067169295e-28,1.4696503337768368e-27,0.040231306371835904
SELENOP,10.917744,0.20942917,9.482214206274296e-28,2.9477318076026615e-27,0.2025676462030841
GPER1,10.722577,0.652903,7.974987344291954e-27,2.4638772628506934e-26,0.05124745417515275
FLT3LG,10.71322,0.8408958,8.823879659876817e-27,2.7177549352420596e-26,0.03967849869071865
ANXA1,10.623671,0.45708773,2.312829645601868e-26,7.058361205022774e-26,0.07541460576083794
CD4,10.528211,0.7340085,6.403994598854371e-26,1.930842949835309e-25,0.045573901658423045
C1QC,10.433064,0.6542574,1.7514643410241498e-25,5.249149117859802e-25,0.0675880128018621
AXL,10.191066,0.6726302,2.1736715714619337e-24,6.437411961637265e-24,0.04491926098341577
SEMA3A,10.145365,0.758942,3.474780832261059e-24,1.0230163567921528e-23,0.042046115798661625
FES,10.051013,0.56051373,9.092795947455019e-24,2.6536118785429955e-23,0.05332411987198138
RARRES1,10.032076,1.006574,1.1017506854307812e-23,3.2059663840587556e-23,0.03343395402967705
PNOC,10.029551,0.99741083,1.1302984554113879e-23,3.27950363439652e-23,0.03303753273203375
SLPI,10.012887,1.0726991,1.3378977007863627e-23,3.8706231170148814e-23,0.04324629036950829
ADGRG6,9.942501,0.8876443,2.719132181797654e-23,7.843951913485452e-23,0.03460867035205121
HAVCR2,9.896947,0.9757361,4.291780104631481e-23,1.2309661560848458e-22,0.03335757928425953
FZD5,9.823845,0.72517943,8.88872040754947e-23,2.5349313754863304e-22,0.04208248472505092
CALM3,9.740878,0.17452289,2.0180343414945906e-22,5.722527976872762e-22,0.16855906313645622
RARA,9.70397,0.30324918,2.8998993988054344e-22,8.176899431561239e-22,0.08991853360488798
HCAR2/3,9.66469,0.8952041,4.259086364475795e-22,1.1975689468652446e-21,0.033939482106488214
H2AZ1,9.566978,0.30635074,1.1007515342790671e-21,3.086420968664835e-21,0.09192973523421588
CYTOR,9.530569,0.43276486,1.564229040610782e-21,4.3615411410902304e-21,0.06229269711958103
CLCF1,9.509893,0.46595982,1.9085869143196347e-21,5.3069319478720954e-21,0.057597468722723304
IL34,9.456442,0.73379016,3.186009898160571e-21,8.83433769545355e-21,0.03919479196974105
OAS1,9.350489,0.59411544,8.724399849194434e-21,2.3992099585284693e-20,0.049574483561245275
PGF,9.340416,0.8981965,9.595660317590655e-21,2.6315769802488346e-20,0.0336521675880128
DDR2,9.28036,0.5842299,1.6890599640302833e-20,4.61953285244348e-20,0.04731597323247018
WNT7B,9.17838,0.5725749,4.376235421677728e-20,1.1903836024726646e-19,0.046461303462321794
FCGR3A/B,9.100763,0.7300599,8.969927689251451e-20,2.4201880369112404e-19,0.03766729706139075
CACNA1C,9.036949,0.64595777,1.6110512042567516e-19,4.311931164334247e-19,0.040005819028222284
ANGPT1,9.02991,0.4944653,1.7181284707839462e-19,4.586257598012613e-19,0.05421879546115799
DUSP6,8.990026,-0.10881474,2.4717025966738698e-19,6.56279654978924e-19,0.1605506255455339
ADGRG3,8.922672,0.9054386,4.551701312533521e-19,1.2053579401709141e-18,0.03127727669479197
COL5A3,8.869403,0.8308094,7.353893933511159e-19,1.94228174866614e-18,0.03448501600232761
TIMP1,8.764508,0.28052834,1.8759383211579106e-18,4.9286463503387625e-18,0.11011056153622345
CXCR6,8.755263,0.9233105,2.0362781271728505e-18,5.335901584555035e-18,0.030051643875472794
S100A9,8.678391,1.1578931,4.014056262801511e-18,1.0436546283283928e-17,0.028698719813791098
ICAM2,8.612826,0.42382622,7.128075343581082e-18,1.8437218136756236e-17,0.05237852778585976
LGALS9,8.583568,0.47799596,9.197514912683591e-18,2.3728640277309988e-17,0.04954175152749491
FZD7,8.546119,0.55432814,1.2729757418860946e-17,3.275703644287868e-17,0.04527931335466977
CCR10,8.444984,0.74476546,3.040857237110573e-17,7.804866908583804e-17,0.03579066045970323
BAX,8.430198,0.27317607,3.4508163535631224e-17,8.81190604570583e-17,0.08990034914169334
LEP,8.358825,0.8335376,6.334612393947858e-17,1.609377412777108e-16,0.030422606924643585
HLA-DPB1,8.270885,0.42319754,1.329675368553632e-16,3.3611238482883475e-16,0.05048006982833867
IL10,8.254362,0.51908934,1.527161563075442e-16,3.8506013215076005e-16,0.04765056735525167
TNFRSF1B,8.241935,0.62273353,1.6944810588008458e-16,4.2617475875870514e-16,0.039871254000581904
CNTFR,8.221909,0.623495,2.002894960407881e-16,5.024806655058369e-16,0.040882310154204245
DPP4,8.197648,0.42563692,2.4513671141640003e-16,6.119248082987942e-16,0.0582048297934245
IGHA1,8.0897455,2.6472533,5.978968866272269e-16,1.4887929938155574e-15,0.054124236252545824
CX3CL1,8.077972,0.41446593,6.585253400353395e-16,1.6356919736361658e-15,0.06073974396275822
CCR1,8.022345,0.5374675,1.037456624696957e-15,2.5705299042615197e-15,0.045573901658423045
JUNB,8.012772,-0.44178477,1.1215150024836515e-15,2.771942018484284e-15,0.14573756182717487
IL17D,8.007938,0.5372401,1.1664756744859841e-15,2.8759658870947543e-15,0.043868199010765205
HBA1/2,7.9976025,0.44663265,1.2686499421634773e-15,3.1201931009966604e-15,0.054415187663660165
LEFTY1,7.992414,0.62003446,1.3232169883555636e-15,3.2384846096428342e-15,0.044271894093686356
ELANE,7.966653,0.59861207,1.6302957009772287e-15,3.980307308971234e-15,0.04083503054989817
MEIS2,7.96372,0.5675909,1.669429378510858e-15,4.065933839146883e-15,0.0392384346814082
CD27,7.866501,0.61312383,3.646977622078136e-15,8.796685782410154e-15,0.03974032586558045
VSIR,7.8653245,0.39122486,3.681420159476401e-15,8.85841725874009e-15,0.0580193482688391
RET,7.7823534,0.75253236,7.118775385499654e-15,1.70884752059596e-14,0.03101178353215013
FCGBP,7.7749434,1.0058413,7.548112796346535e-15,1.8032603601772988e-14,0.026574774512656385
HCST,7.7213855,0.6399653,1.1507207159426901e-14,2.7425510396634114e-14,0.0354887983706721
CCL4/L1/L2,7.6506042,0.85277605,2.000372286712835e-14,4.756229593823154e-14,0.034739598487052666
COL5A1,7.644277,0.4579307,2.101228168431013e-14,4.9724099210388745e-14,0.05401512947337794
FCER1G,7.6426053,0.90880454,2.128699970054867e-14,5.025539316096514e-14,0.027731306371835903
ROR1,7.6297483,0.6598397,2.352121503762309e-14,5.539937941802521e-14,0.03484870526622054
S100A4,7.605029,0.391598,2.8484029613505345e-14,6.677403663493876e-14,0.08834375909223159
CD83,7.5747266,0.25346962,3.5988511358087817e-14,8.397319316887157e-14,0.07354524294442828
EFNA4,7.474985,0.46928403,7.721249793978467e-14,1.793264743334674e-13,0.0459157695664824
IL24,7.459256,0.6507393,8.701242118119486e-14,2.016190592647594e-13,0.03441955193482688
TWIST2,7.408697,0.69837636,1.2754629035816625e-13,2.9350307275522853e-13,0.03211376200174571
SIX2,7.336977,0.6637981,2.1847215198493464e-13,5.015840003140357e-13,0.03477233052080302
PTGS1,7.3188143,0.8082164,2.5017162284269626e-13,5.730475845893341e-13,0.028171370381146348
ITGB2,7.318403,0.5459915,2.5093951803956036e-13,5.734941953369861e-13,0.03972941518766366
SLC4A4,7.242054,0.28595105,4.4194032983658065e-13,1.005414250378221e-12,0.10325865580448065
CD276,7.2414074,0.3339338,4.4405157021226605e-13,1.0079265800056198e-12,0.06606415478615071
S100P,7.23636,0.74493444,4.608870990898755e-13,1.043773724409424e-12,0.029604306080884494
DUSP5,7.176617,0.386534,7.145733452762504e-13,1.6146454144955455e-12,0.05079284259528659
ICAM1,7.100877,0.41431662,1.2396797474311778e-12,2.7948635747265967e-12,0.054120599359906894
IFI27,7.001686,0.28069577,2.5290054597791406e-12,5.663388065411454e-12,0.06931189991271458
CASP8,6.970023,0.48316297,3.168892952546564e-12,7.0647257138064816e-12,0.040118562700029094
KRT6A/B/C,6.9585657,0.65039706,3.4375481432131945e-12,7.646634869680906e-12,0.032699301716613324
IL27RA,6.8929152,0.5606482,5.466040166682889e-12,1.21051022275433e-11,0.03502327611288915
IL3RA,6.8859076,0.71585345,5.742027005628651e-12,1.2688231860119824e-11,0.028698719813791098
HGF,6.8204026,0.6036555,9.078579317082183e-12,1.9929074334208915e-11,0.033270293860925226
CD209,6.818064,0.5301704,9.227554865893757e-12,2.0211777725951098e-11,0.04032586558044807
VPREB3,6.805685,0.50598323,1.00569359456709e-11,2.1980333802656268e-11,0.04060590631364562
VCAM1,6.786489,0.014628139,1.148953177747514e-11,2.5056691305561253e-11,0.0651440209485016
ITGB6,6.7711635,0.31945777,1.2775091718047295e-11,2.7799710456011612e-11,0.04683226651149258
PHLDA2,6.745337,0.61771935,1.5267221112079365e-11,3.315073391147819e-11,0.029837067209775966
PRTN3,6.7275558,0.7169932,1.725367842560245e-11,3.738296992213864e-11,0.029524294442828048
TGFB1,6.712923,0.40898672,1.9076402852120458e-11,4.12429357558803e-11,0.0476287459994181
IFNA1/13,6.6682243,0.7794601,2.589171555239632e-11,5.5856912215406713e-11,0.02578556881000873
TNFRSF17,6.6583447,0.87289196,2.7692901480662768e-11,5.961418146697513e-11,0.023919842886238
SATB2,6.611491,0.50946575,3.804676166780641e-11,8.155205231150796e-11,0.03666715158568519
FFAR2,6.566793,0.6472965,5.141050038805172e-11,1.0996134805222174e-10,0.030680826302007566
HSD17B2,6.564278,0.70054907,5.228544945369296e-11,1.115943174907178e-10,0.03028440500436427
IL17B,6.5427814,0.71975523,6.03849886498286e-11,1.2806223228491194e-10,0.02811318009892348
LAG3,6.53632,0.74574363,6.305088027688415e-11,1.3343325826038274e-10,0.02739307535641548
HSP90B1,6.535754,0.16483569,6.32897819992625e-11,1.3365626958072103e-10,0.12883328484143147
CD34,6.5014005,0.26886594,7.957577805104868e-11,1.6769548174547313e-10,0.059645039278440504
LIF,6.4934916,0.40833953,8.386933290714466e-11,1.763722736135542e-10,0.03791824265347687
TSHZ2,6.4894185,0.5561956,8.616837719098707e-11,1.8082713955592883e-10,0.03437954611579866
CDKN1A,6.4732714,0.31056073,9.59036107710563e-11,2.0083580414608233e-10,0.08343031713703812
PF4/V1,6.4629354,1.056791,1.0269095467673394e-10,2.146005128004398e-10,0.020319319173697992
GDF15,6.4534135,-0.5865218,1.0935849276982317e-10,2.2805802346373538e-10,0.10660096013965668
CD300A,6.417273,0.60767287,1.3873684310737983e-10,2.8752708064283065e-10,0.03159004946173989
BIRC5,6.3775635,0.90590686,1.799276065206926e-10,3.721230043950688e-10,0.022414169333721267
IGHD,6.372878,0.63421065,1.8551331609162366e-10,3.8209635680599853e-10,0.031430026185627
FN1,6.34898,0.33692458,2.1674759876357942e-10,4.4368986986164214e-10,0.0557972068664533
CTSW,6.3424215,0.642408,2.2618131753020193e-10,4.620561200974125e-10,0.029549752691300554
BTK,6.3359284,0.57449794,2.3591654946357935e-10,4.809622525723889e-10,0.03272475996508583
GPBAR1,6.251037,0.5639285,4.077353374453243e-10,8.262005521918413e-10,0.03406677334885074
IL11,6.2504053,0.47460482,4.09389461138404e-10,8.278764658576614e-10,0.03511419842886238
CSF3,6.2207513,0.6719411,4.947792953024024e-10,9.965273130738527e-10,0.028800552807681117
RARG,6.1203585,0.42457166,9.336503789224415e-10,1.872913886375479e-09,0.040005819028222284
WNT3,6.0955873,0.43720978,1.0903627813153513e-09,2.1785491898137057e-09,0.04206066336921734
DDX58,6.0675116,0.30466157,1.299073731275214e-09,2.5903840737181058e-09,0.05789933081175444
EPHB3,6.0608115,0.386739,1.354362978332531e-09,2.6952631039977405e-09,0.04447919697410532
QRFPR,6.0287867,0.6633297,1.651953201351496e-09,3.2809626082397763e-09,0.02754582484725051
LAIR1,6.01579,0.4916601,1.790113015030683e-09,3.541310529734612e-09,0.033284841431480944
ATF3,5.994774,-0.45005113,2.037687753245671e-09,4.023127102561966e-09,0.0653185917951702
ETS1,5.9883313,0.19212362,2.120048300314323e-09,4.177496749241412e-09,0.06609324992726215
HLA-DQA1,5.970794,0.12984374,2.361013506573877e-09,4.643171945148234e-09,0.051472941518766364
LAMA3,5.936866,0.7018136,2.905226242654613e-09,5.702218566465231e-09,0.025610997963340123
SELPLG,5.889196,0.62715936,3.880797021079899e-09,7.587261363478475e-09,0.029287896421297643
XCL1/2,5.8865967,0.47359398,3.942297204152967e-09,7.692474661514854e-09,0.040387692755309866
CCL26,5.8628387,0.799762,4.550207168053974e-09,8.861395671638185e-09,0.022530549898167006
ADIPOQ,5.847249,0.61764747,4.997692105328892e-09,9.713960771716932e-09,0.02738943846377655
WIF1,5.7678638,0.7493714,8.028260119945521e-09,1.5484177996272574e-08,0.023436136165260402
APOA1,5.758625,0.63137025,8.48018412775377e-09,1.632435444592601e-08,0.028080448065173118
CXCR1,5.756243,0.67166483,8.600654327731684e-09,1.652448173140003e-08,0.025901949374454464
IL12B,5.7476873,0.5286392,9.047238662759528e-09,1.734920670770553e-08,0.030986325283677625
IL1B,5.7143917,0.5706715,1.1009717579085759e-08,2.1072136322494926e-08,0.03059354087867326
FZD1,5.7057514,0.35489467,1.1583106816911391e-08,2.2127270846809734e-08,0.04689773057899331
KRT14,5.6726866,0.75330013,1.4057532734057265e-08,2.680302907960252e-08,0.022839685772475995
PDGFB,5.666782,0.33664906,1.4550427608565479e-08,2.7690072312117958e-08,0.05074556299098051
ITGA5,5.657,0.44281226,1.540417755068513e-08,2.925916836477384e-08,0.03568155368053535
LTBR,5.6222463,0.25742975,1.8849044010944628e-08,3.5734645937415854e-08,0.06657695664823975
EPHA7,5.611926,0.46188468,2.00087169589497e-08,3.786148520965718e-08,0.035463340122199594
CSF2,5.5684977,0.629346,2.5694537235846988e-08,4.843734797190741e-08,0.02655295315682281
GCG,5.530449,0.60650533,3.194123569927834e-08,5.998719875230323e-08,0.026276549316264185
SLC13A3,5.5156875,0.14674714,3.4741918502411784e-08,6.500310359049382e-08,0.1830920861216177
CXCL5,5.454596,0.4089617,4.9084273737295053e-08,9.166671270714991e-08,0.03962394530113471
ICAM3,5.4294205,0.37328,5.653736781117653e-08,1.0538902267967915e-07,0.0388529240616817
FCRLA,5.425835,0.5174329,5.768415001797178e-08,1.0732682930853114e-07,0.031182717486179807
PSCA,5.409403,1.019029,6.32351907878413e-08,1.1743678289170528e-07,0.021788623799825428
WNT7A,5.343919,0.80480427,9.095821255883821e-08,1.686095755025871e-07,0.020813936572592378
CD274,5.3125067,0.4105335,1.0812732927224296e-07,1.996964143939395e-07,0.03526331102705848
NGFR,5.293764,0.48013967,1.1982388403236524e-07,2.208908064758704e-07,0.03524512656386383
MRC1,5.2749057,0.6366227,1.3282421150945694e-07,2.439578637081952e-07,0.03153185917951702
PDCD1LG2,5.26905,0.6040298,1.3713148615012577e-07,2.514077246085639e-07,0.02525094559208612
SERPINA3,5.266413,0.5940141,1.3911506875698317e-07,2.545780325881904e-07,0.0267129764329357
SCG5,5.265068,0.49817932,1.4013746867024003e-07,2.5598103310020123e-07,0.02992071574047134
CD53,5.2306404,0.24699466,1.6892374595946052e-07,3.08001219864153e-07,0.041464212976432935
AREG,5.2199216,0.4914299,1.7899906072937407e-07,3.257782905274608e-07,0.029527931335466977
RELT,5.211871,0.39323086,1.8694518092538646e-07,3.3962273340528465e-07,0.037336339831248185
CFH,5.2094607,0.32600695,1.8939017882522133e-07,3.4344124819573654e-07,0.04314445737561827
CD84,5.198099,0.52447367,2.0133666344736367e-07,3.644448464933292e-07,0.027665842304335175
IL1RN,5.18066,0.6370758,2.2110231814941228e-07,3.9950075896671785e-07,0.02345068373581612
LINC02446,5.1590314,0.6637597,2.4823075383508997e-07,4.469046485412322e-07,0.023490689554844343
CD163,5.123732,0.4190092,2.9954656589309273e-07,5.383233616857914e-07,0.05601178353215013
RAMP2,5.115665,0.4425975,3.1263758720274417e-07,5.608426967561773e-07,0.03648530695373873
CXCL10,5.108691,0.50813496,3.243979068924665e-07,5.808985774586028e-07,0.02895330229851615
CCL28,5.095932,0.3633911,3.4702942929982764e-07,6.203151048734418e-07,0.03596159441373291
TOP2A,5.0916677,0.507997,3.549275008271802e-07,6.321751393736786e-07,0.029076956648239744
LDB2,5.0816736,0.11616115,3.741240492817195e-07,6.651832563605705e-07,0.06376927553098632
ITGB4,5.077248,0.46820515,3.829407781034262e-07,6.784490599673091e-07,0.031400931044515565
CAMP,5.075029,0.48016962,3.874372825602644e-07,6.852026852346726e-07,0.03218286296188536
MMP7,5.0714417,0.53142744,3.9481352650849437e-07,6.970164727248728e-07,0.07319246435845214
BEST1,5.0662837,0.48928615,4.056577064425639e-07,7.149002889947297e-07,0.03207375618271749
NKG7,5.061305,0.47901216,4.16396535175757e-07,7.325359081035725e-07,0.028324119871981378
CCRL2,5.059551,0.7063876,4.2024571235355434e-07,7.380104527472068e-07,0.022210503345941227
POU5F1,5.0585885,0.1927577,4.223708443737585e-07,7.40443459226151e-07,0.16210721559499564
CXCL8,5.0449677,0.49045444,4.535982256918155e-07,7.937968949606771e-07,0.03301207448356124
BRCA1,5.044092,0.5487759,4.556800598700312e-07,7.960484117450282e-07,0.025941955193482687
JCHAIN,4.95666,2.0373306,7.171530276307532e-07,1.2484698794058852e-06,0.02048297934244981
MIR4435-2HG,4.939475,0.38489303,7.833312336443996e-07,1.3613100084688263e-06,0.03911478033168461
CD86,4.9304943,0.57608503,8.202175832784282e-07,1.4204806243282124e-06,0.024930899039860344
EPHB4,4.929042,0.2374533,8.263392558126259e-07,1.4286106996000666e-06,0.0585030549898167
CSHL1,4.9186087,0.56984943,8.716161792134133e-07,1.5042893024010806e-06,0.025647366889729416
CDKN3,4.902576,0.42850962,9.458806972462612e-07,1.6296498759784982e-06,0.03472505091649695
P2RX5,4.8642225,0.5143564,1.1490764543776675e-06,1.9729425914786365e-06,0.024974541751527496
MST1R,4.8178983,0.4843922,1.450783942153797e-06,2.4824525232409417e-06,0.03039714867617108
NegativeAdd,4.7800837,0.31217706,1.752224468359224e-06,2.993134288101678e-06,0.04995999418097178
HPGDS,4.7386913,0.44291526,2.151030300735778e-06,3.6681112964846913e-06,0.031979196974105326
CXCR2,4.731353,0.51087385,2.230287325447605e-06,3.7967986611786608e-06,0.028866016875181845
NOS1,4.7256856,0.31598765,2.2934043348032144e-06,3.89761925150767e-06,0.04686136165260402
VCAN,4.722235,0.47243384,2.3326691694814052e-06,3.957630235001502e-06,0.03074265347686936
B3GNT7,4.715509,0.5651173,2.411072695279992e-06,4.083728879822796e-06,0.024567209775967415
CXCL9,4.6832256,0.40293238,2.823954134611473e-06,4.774962987746764e-06,0.03373217922606925
OSMR,4.68191,0.21379094,2.8421388839244945e-06,4.797607121093455e-06,0.06857724759965086
CX3CR1,4.665348,0.45580983,3.0809491378444803e-06,5.191969843404587e-06,0.028560517893511782
IL2RG,4.612788,0.5821143,3.9730296057224476e-06,6.6728232136378684e-06,0.022945155659004946
IL1RL1,4.583449,0.6616477,4.5736878183399884e-06,7.655955695916938e-06,0.02034114052953157
RELA,4.580353,0.17182198,4.641927109739145e-06,7.757210412101642e-06,0.08694355542624382
CCL3/L1/L3,4.574671,0.44678134,4.769698190386393e-06,7.9574464809613e-06,0.077469450101833
TGFBR2,4.568486,0.023380384,4.9125897362238405e-06,8.168608514883829e-06,0.13983124818155368
BID,4.5644865,0.30292332,5.007187262075919e-06,8.312096930908781e-06,0.04955993599068956
STOX2,4.55928,0.7403511,5.132934411985964e-06,8.50673401721515e-06,0.018599068955484434
CDH5,4.553324,0.29843423,5.280474349417259e-06,8.736784832672193e-06,0.04387910968868199
DLL4,4.551742,0.41605237,5.320358253558464e-06,8.78824853434327e-06,0.03225196392202502
SCGB3A1,4.523444,0.778592,6.084140872709282e-06,1.0033319626988453e-05,0.018068082630200755
IFIH1,4.5068164,0.2533575,6.580754370274867e-06,1.081664224079662e-05,0.04376636601687518
CD81,4.4913964,0.15205388,7.075765500665433e-06,1.1611215190436226e-05,0.4148457957521094
CXCR3,4.4614043,0.5065794,8.142438387684731e-06,1.3296216682010465e-05,0.02618562700029095
PRF1,4.454529,0.56669945,8.407760085859583e-06,1.370711375561147e-05,0.022021384928716903
ARHGDIB,4.4348884,0.12612328,9.212004829999989e-06,1.4993848511918682e-05,0.06578047716031422
KRT10,4.3872156,0.49181747,1.1481102682113045e-05,1.86567918584337e-05,0.025912860052371253
AQP2,4.3809404,-0.4196722,1.1816805234587483e-05,1.917118645027888e-05,0.10452065755018912
KRT80,4.3771706,0.72742623,1.202299673485909e-05,1.947414196050801e-05,0.01850450974687227
C5AR2,4.356684,0.4041614,1.3204744097870328e-05,2.135371379962552e-05,0.03148094268257201
CLEC5A,4.339871,0.6002654,1.4256652140068549e-05,2.2980529456052524e-05,0.021126709339540296
WNT5B,4.336042,0.43437687,1.4507125819727884e-05,2.3346676761330563e-05,0.03004437009019494
PTK6,4.3352675,0.42085177,1.4558291471254112e-05,2.3391412139206044e-05,0.0326592958975851
CD80,4.297625,0.4335748,1.726377924514454e-05,2.76939792057527e-05,0.028607797497817864
NOTCH1,4.27971,0.18900633,1.8713703479132323e-05,2.997186749217833e-05,0.07073756182717486
OAS2,4.277713,0.28860667,1.8882347509953847e-05,3.0193657919271245e-05,0.04486470759383183
ANGPTL1,4.276253,0.17995471,1.9006502952992846e-05,3.0343715240742966e-05,0.06095068373581612
CSMD1,4.263974,0.29083967,2.0082273612495696e-05,3.20101208377519e-05,0.04351178353215013
LCN2,4.2447824,0.8241434,2.1880573754945007e-05,3.4821072064705803e-05,0.01618417224323538
CXCL1/2/3,4.232464,0.058499455,2.311453197525472e-05,3.672611646393629e-05,0.07193046261274368
TNF,4.232109,0.65235275,2.3151028460283513e-05,3.672611646393629e-05,0.020566627873145185
TEK,4.225146,0.36532396,2.3878627180719757e-05,3.776067268230723e-05,0.02952065755018912
RUNX3,4.199441,0.41368002,2.6757474866621636e-05,4.224642325155877e-05,0.028924207157404715
HILPDA,4.197866,0.28422475,2.6944202163199272e-05,4.247424624466531e-05,0.041584230433517604
OAS3,4.1947126,0.42968088,2.7321793647620525e-05,4.300175383847193e-05,0.025960139656677334
MXRA8,4.18959,0.12669286,2.794587356917788e-05,4.391494418013667e-05,0.06627873145184754
MZB1,4.1870084,0.6519999,2.8265511062346754e-05,4.4347612184026807e-05,0.02807317427989526
IL2RA,4.186372,0.5536913,2.8344913320125798e-05,4.436049731191416e-05,0.02223959848705266
CD70,4.184328,0.46377975,2.8601097391386933e-05,4.4664116207142465e-05,0.027574919988361944
WNT10B,4.181425,0.5043613,2.89687659697065e-05,4.516781111476044e-05,0.02484725050916497
ANKRD1,4.174288,0.4046804,2.989195128778523e-05,4.653474842779629e-05,0.029884346814082047
CEACAM6,4.172216,0.704542,3.0165144666211292e-05,4.6887127035524075e-05,0.017438900203665987
LINC01857,4.143331,0.43598828,3.4229695254889685e-05,5.3122364263790034e-05,0.026367471632237415
CD52,4.1275253,0.6543762,3.6668778960187195e-05,5.681957854357179e-05,0.01836630782659296
CPB1,4.0595,0.67426544,4.917783107536263e-05,7.573385985605845e-05,0.01788623799825429
NLRC4,4.058998,0.47202924,4.9283716164105994e-05,7.578033775771138e-05,0.02531640965958685
NUSAP1,4.0561614,0.4056807,4.988575057711356e-05,7.658839927559919e-05,0.031211812627291242
CST7,4.0553646,0.4331403,5.0056171038370455e-05,7.673235407260157e-05,0.0272221414023858
INS,4.025063,0.640214,5.696010314888596e-05,8.704895152982418e-05,0.018635437881873728
ADGRG5,3.9999382,0.44669315,6.335904220543718e-05,9.668048970677229e-05,0.026262001745708467
UBE2C,3.9824111,0.41304,6.821965577910488e-05,0.00010393892760256314,0.0281531859179517
CD40,3.9700427,0.3260308,7.185974901788108e-05,0.00010931855435698931,0.03407768402676753
CSF3R,3.9525504,0.58523923,7.732264077414215e-05,0.0001174060426554033,0.019890165842304335
FAS,3.9522784,0.32629958,7.741057757499119e-05,0.0001174060426554033,0.033986761710794296
ESR1,3.93545,0.29317448,8.304093243192066e-05,0.00012575487649675127,0.03340849578120454
TNFRSF13B,3.9188757,0.6247291,8.896296687266625e-05,0.000134519531479666,0.01857361070701193
CASP3,3.89393,0.23077059,9.863315350637747e-05,0.0001486924497889817,0.04736325283677626
WNT11,3.891019,0.6782747,9.982403014080989e-05,0.00015026143484353488,0.01643875472796043
DUSP4,3.8681042,0.3983155,0.00010968479037959851,0.0001646094080509417,0.028931480942682573
CIDEA,3.8537867,0.5776766,0.00011630495628926722,0.00017428332521789893,0.019631946464940354
MMP9,3.8478258,0.41985926,0.00011917073106578576,0.00017831076501771532,0.025811027058481234
MMP19,3.8278913,0.39075452,0.00012924577142747114,0.00019309704059537107,0.028906022694210068
IL17A,3.8020425,0.4987298,0.0001435081075656316,0.0002140858653847947,0.023046988652894968
INHBB,3.7784107,0.5279472,0.00015783246419173852,0.00023475526991965863,0.02080666278731452
MPO,3.7679348,0.47933838,0.00016460371267160728,0.0002444633774247461,0.023348850741926098
DMBT1,3.7650135,0.4831512,0.00016654013457932217,0.0002469728514280022,0.022603287750945594
GPR183,3.759452,0.53301066,0.00017028582017774072,0.0002521540029555007,0.0201338376491126
CD247,3.7587454,0.27448747,0.00017076749357414043,0.00025249373865245876,0.039642129764329355
MMP14,3.7525725,0.20491847,0.00017502916546165658,0.00025803268722697823,0.0682972068664533
LGR5,3.7350855,0.6311962,0.00018765148091086137,0.0002762340182231945,0.017518911841722433
NPR1,3.7307842,0.28825036,0.00019088472664216186,0.0002805809271201234,0.030088012801862088
MSR1,3.7258034,0.32523277,0.0001946941739965717,0.0002857608037691617,0.029324265347686937
TNFRSF10D,3.711108,0.28577346,0.00020635401255660122,0.0003024309905844185,0.03655440791387838
ITGA8,3.6999211,0.35263583,0.00021566639809785082,0.0003156170533566501,0.02807317427989526
CD3D,3.6946158,0.33321482,0.00022021946677566205,0.0003218097609378653,0.03200829211521676
S100B,3.6938214,0.4794789,0.00022090900891223183,0.00032234681912703215,0.023221559499563574
AATK,3.68709,0.32812488,0.00022683313204987837,0.00033050941074516487,0.031622781495490256
FGF7,3.6674078,0.2937246,0.0002450220155447405,0.0003559753810744343,0.03430680826302008
STAT4,3.6636562,0.41928744,0.00024864036169125085,0.00036070869862745233,0.02327974978178644
CALM1,3.651002,0.117253646,0.0002612191978341357,0.00037840870771630944,0.22153040442246144
IL12RB2,3.647067,0.38543338,0.00026525073174662767,0.00038369361629822876,0.02541460576083794
EPHA3,3.6408153,0.3020691,0.0002717761902182882,0.00039199995159727166,0.0334157695664824
FASLG,3.6246166,0.40816104,0.000289390449534192,0.00041620666664328476,0.026200174570846668
SPRY2,3.5970335,0.1773973,0.00032186703260126363,0.000460269856619807,0.05377145766656968
CD48,3.5959322,0.30111614,0.0003232318333737218,0.0004615621472283816,0.02920061099796334
SORBS1,3.595539,0.2819842,0.0003237204408290184,0.000461601369330267,0.03618344486470759
FGR,3.5801864,0.3167859,0.0003433492526498317,0.0004888941705582952,0.03324847250509165
MSMB,3.5564237,0.49210235,0.0003759377730971701,0.0005337783132911592,0.021664969450101833
TLR1,3.5142095,0.39737955,0.0004410647127138532,0.0006244777615651585,0.02475269130055281
CXCR5,3.512378,0.3233757,0.0004441157527425048,0.0006279094187785979,0.03588885656095432
FKBP11,3.502106,0.30191824,0.00046159610442301797,0.0006517033857932877,0.03400858306662787
TNFSF9,3.474139,0.39501002,0.0005124956292896828,0.0007215304147946167,0.026902094850160024
IFIT1,3.4619572,0.20626543,0.0005362622300356981,0.0007518186166186748,0.04953811463485598
FOXF1,3.4583066,0.3112608,0.0005435825007826376,0.0007610155010956926,0.033270293860925226
TIE1,3.444475,0.15505065,0.0005721696718198921,0.0007999187730331174,0.04825792842595287
IFNL2/3,3.431528,0.3415079,0.0006001908495889514,0.000837923347891967,0.03148821646784987
FABP4,3.424609,0.40817535,0.0006156849486296987,0.0008583574283820729,0.023214285714285715
TAP2,3.396612,0.22356136,0.0006822566891354262,0.0009485263136452246,0.041940645912132674
PGR,3.3581429,0.50971484,0.0007846806483906881,0.0010894109972802756,0.01882455629909805
ITGAL,3.3363955,0.41088778,0.0008487230066624854,0.0011750646330140357,0.021043060808844924
KRT5,3.3243651,0.4382716,0.0008862008575014049,0.0012252583678990419,0.02229778876927553
CLEC4E,3.3162215,0.49431422,0.0009124347652103376,0.0012597892413455834,0.018795461157986616
MYL4,3.3054802,0.32115638,0.0009481381185700407,0.0013072813453011167,0.03397585103287751
GZMK,3.266903,0.33283865,0.001087309164907087,0.0014950501017472445,0.026825720104742507
TYMS,3.2612247,0.28651744,0.0011093209824458573,0.0015232240101897164,0.03847832411987198
CLEC12A,3.230158,0.3068274,0.0012372182850959317,0.001694193575076645,0.031633692173407044
IL20RA,3.2150016,0.6029093,0.0013044382797656906,0.0017838015273845033,0.015329502473086995
FFAR4,3.212298,0.35205814,0.0013167777180744086,0.0017982189574249428,0.02759674134419552
CLEC7A,3.2109458,0.20335773,0.0013229891607603654,0.0018042399862685636,0.03237925516438755
SOX2,3.208876,0.5919161,0.0013325502533935107,0.0018148065355740193,0.01606415478615071
CTSG,3.2065516,0.43860143,0.0013433625729190153,0.0018270461080053455,0.019315536805353507
MMP1,3.1983178,0.3703679,0.001382318211873138,0.0018774769743351574,0.025898312481815535
PTGDS,3.1944196,-0.70175004,0.0014011230766387524,0.0019004392950073051,0.06533677625836486
GNLY,3.1537354,0.47842288,0.0016119510423229647,0.0021804905315747133,0.01976651149258074
SERPINB5,3.115622,0.3952881,0.001835574287806865,0.0024796354414233085,0.021701338376491127
CCL15,3.1090672,0.22725837,0.0018767903905295993,0.002526290346964286,0.03754000581902822
ITGAE,3.1089268,0.31144822,0.0018776823358056232,0.002526290346964286,0.03231015420424789
ARG1,3.1014307,0.49701333,0.0019258800324741393,0.0025876589429618974,0.018177189409368636
TNFSF8,3.0725505,0.31677547,0.002122379462541854,0.00284404530388808,0.026556590049461738
TNFRSF9,3.0710762,0.53956676,0.0021328878893532425,0.0028543058519286037,0.01658786732615653
TNFRSF10A,3.065513,0.5430909,0.002172969872516235,0.002904062539904875,0.016431480942682573
NPPC,3.0641153,0.07633729,0.0021831475637922393,0.002913774281808042,0.03004437009019494
CD79A,3.0322828,0.39634842,0.0024271164237744296,0.0032264854451503375,0.022123217922606925
KRT13,3.0220351,0.6139805,0.00251081445762675,0.0033333226420217197,0.014816700610997963
IGF2R,3.0086067,0.11133822,0.002624486735953367,0.0034750148448271434,0.08537605469886529
MS4A1,2.9780872,0.25708365,0.002900534552016109,0.0038354492557042597,0.0241562409077684
ITGB8,2.9755833,0.0030799187,0.0029243188460358048,0.0038600202920640245,0.12746581320919406
KLRK1,2.9602144,0.26553595,0.0030742498954685602,0.004049110717584248,0.02467995344777422
CHEK2,2.9331095,0.254995,0.0033558551924997627,0.004408413448415043,0.0365689554844341
APOD,2.9215367,0.20123433,0.0034830931159383484,0.004569562528249393,0.03202647657841141
IL1RAP,2.8970633,0.30165237,0.0037667365875288113,0.004935213775021387,0.025134565027640384
BMP2,2.8929572,0.24751876,0.0038163327009233783,0.004993658867482748,0.04129327902240326
COL5A2,2.8924139,0.23002349,0.0038229409181041217,0.004995775272874969,0.033754000581902824
LGALS3BP,2.862095,0.008387194,0.004208505277552542,0.00547817136908985,0.2063936572592377
COL4A2,2.8501403,-0.0017935227,0.004369995088589777,0.00568099361516671,0.15012729124236251
MET,2.8384972,0.1705678,0.004532651852450031,0.005884804804542777,0.054480651731160894
OASL,2.8253663,0.20674819,0.004722659586409107,0.006123552132118544,0.04283895839394821
INHBA,2.8218844,0.28710678,0.004774238264249436,0.006182422383588208,0.02862234506837358
CD40LG,2.8107445,0.31332588,0.004942700994269135,0.006392304515844192,0.024905440791387838
FGF13,2.8002503,0.15687378,0.0051063012137936735,0.006595364535493506,0.03859106779167879
TLR5,2.7926526,0.2193255,0.005227781700215105,0.006743568919993969,0.03271021239453011
FGF18,2.7708788,0.31186363,0.005590521830455394,0.0071929464682337395,0.02666569682862962
NR1H3,2.7199733,0.15326099,0.006528717855369915,0.008367793307586793,0.04803971486761711
IL22RA1,2.7195246,0.493698,0.006537585036002388,0.008368443249409706,0.015518620890311318
TCL1A,2.7164521,0.28740874,0.0065985761811204035,0.008435727659388919,0.025487343613616525
CD5L,2.696702,0.351851,0.007002992366856883,0.00894132061125477,0.021748617980797205
MFAP5,2.676328,0.28518355,0.007443379764394281,0.009467373753695902,0.027251236543497235
REG1A,2.6518452,0.22956952,0.00800532302946357,0.010169198416869333,0.03184463194646494
WNT9A,2.6406944,0.33505952,0.008273634526847687,0.0104967150334278,0.02343977305789933
HBB,2.640102,0.29758212,0.008288112648265929,0.01050177311508126,0.039514838521966834
RGCC,2.6288397,0.06412822,0.008567673101174636,0.010842276579362592,0.060456066336921736
IRF4,2.6165159,0.359749,0.008883225782994388,0.011213252217878162,0.02282877509455921
TNFRSF4,2.6101582,0.29834664,0.009050034045358691,0.011409425792700314,0.026545679371544954
NRXN1,2.5854561,0.3231638,0.009725026002428383,0.012244969847082782,0.021384928716904276
COL8A1,2.5479014,0.3326688,0.0108373110512849,0.01362832708836204,0.02073756182717486
CD37,2.5408988,0.15856078,0.011056792215730228,0.013886887086506849,0.0406531859179517
CPA3,2.5391126,0.3715716,0.011113403902695326,0.013940497877942382,0.019337358161187083
IAPP,2.5204124,0.38948542,0.011721743199937969,0.014685187663501761,0.018853651440209486
BMP3,2.498461,0.2581522,0.012473384304304273,0.015587837314118074,0.029687954611579866
TNFSF12,2.4705374,0.10837775,0.013491016794028515,0.016838538417484467,0.0665333139365726
CHEK1,2.4477453,0.22452043,0.014375322091864614,0.017897633599448355,0.031189991271457666
FGF12,2.4411771,0.27906978,0.014639469551484749,0.01820386213793321,0.023479778876927555
IL18R1,2.4181743,0.28111884,0.01559860860773806,0.019355250918965946,0.024701774803607798
SFN,2.4180465,0.26828492,0.015604083408197321,0.019355250918965946,0.034161332557462905
IL2RB,2.3999927,0.47100648,0.016395393962097753,0.02028651341910983,0.014358452138492872
ADGRF3,2.38408,0.25152123,0.01712188783625284,0.02115927126430752,0.028345941227814954
ACTG2,2.3466496,0.33327344,0.01894305680324419,0.023381010924842707,0.02209412278149549
IL10RA,2.3443723,0.38170272,0.019059141598345774,0.02349532110830557,0.017438900203665987
PDCD1,2.321251,0.3218657,0.0202733048145395,0.02496135070031247,0.023017893511783533
TIGIT,2.3004048,0.31095684,0.021425299065504267,0.026347327229201193,0.02168315391329648
KRT17,2.2586977,0.2393411,0.023902187539642558,0.029357165309426014,0.043937299970904856
CSF2RB,2.2554944,0.27501273,0.02410230889663988,0.02956668039894181,0.02727669479196974
MARCO,2.2485073,0.4469853,0.024543867821832124,0.030071495336173752,0.014438463776549317
CENPF,2.2313461,0.51344484,0.025658206857791015,0.03136003060396679,0.01234725050916497
MB,2.2243705,0.63805056,0.026123526523896462,0.03188981713465897,0.01057972068664533
IL1A,2.1400545,0.24678855,0.03235037134343724,0.039347170977862306,0.03196464940354961
FASN,2.1185763,0.10326037,0.034126293841826326,0.04145682055299533,0.06237270875763747
IGFBP3,2.077935,0.038955927,0.03771534081148392,0.04565061203421452,0.08580157113762002
BMP5,2.0748477,0.16530424,0.03800065489426663,0.04594040525260978,0.025501891184172242
CIITA,2.0279078,0.03655973,0.04256966166719356,0.051340037745615366,0.04750145475705557
CD69,2.0165396,-0.13369305,0.04374358611236668,0.05269233417386167,0.03136456211812627
NRXN3,1.9994228,0.0653263,0.045562623718797636,0.0548175316616784,0.03367762583648531
CCL13,1.980446,0.20029669,0.04765344164762005,0.05726421979503922,0.02940791387838231
TBX21,1.9337045,0.23002331,0.05314946697549883,0.06371570831434051,0.02582921152167588
CLEC1A,1.9233578,0.16986291,0.05443512805785791,0.06517890333243513,0.03262656386383474
CLEC10A,1.9206498,0.20208609,0.05477587414166423,0.0655085424322651,0.029346086703520513
SERPINA1,1.8947017,0.17498052,0.05813192943160544,0.0694392140346504,0.09627945883037532
TP53,1.8895986,0.12115279,0.05881166946517022,0.07016743877787293,0.04518111725341868
SRC,1.851401,0.04708562,0.06411188727197373,0.07630915476723626,0.06979196974105324
CCL18,1.795168,0.25405055,0.07262693177617754,0.08583182846275528,0.023523421588594703
CLEC2B,1.766606,0.24207622,0.0772942464787335,0.09124002444010876,0.021523130637183592
GZMA,1.7641172,0.23989578,0.07771223910085817,0.09162538438157718,0.023014256619144604
CCR5,1.7436281,0.18161696,0.08122395493430645,0.09542861371976614,0.03325574629036951
GZMH,1.7204847,0.20956431,0.08534435902753507,0.10003478148309439,0.02505455338958394
MS4A4A,1.6612376,0.2055938,0.09666574043346943,0.11290829191820642,0.03214649403549607
CELSR2,1.6454878,0.10387018,0.09986924884494647,0.11651412365243755,0.04350450974687227
EOMES,1.6270726,0.31524596,0.10372167823633265,0.12072720920298718,0.014693046261274368
RB1,1.6235504,0.065146185,0.10447179647427583,0.12141165100759743,0.06276913005528077
IL10RB,1.6126868,0.08271706,0.10681257915479826,0.12389269030585523,0.0476287459994181
SST,1.5834366,0.3478397,0.11332199739798782,0.13113909756692,0.02441809717777131
TNFRSF11A,1.5756162,0.24570942,0.11511428240739331,0.13305934952632875,0.017824410823392492
IL12A,1.5584736,0.23887594,0.11912101387289127,0.13705762630662546,0.02255964503927844
COL9A2,1.5412507,-0.13816033,0.12325576949641508,0.1414897078737517,0.06583139365725924
TCAP,1.5385976,0.17193781,0.12390255921685979,0.1420692574754601,0.036336194355542625
ITGAX,1.5024191,0.17229843,0.13298891046870562,0.15213931357619923,0.024032586558044806
SELL,1.4892473,0.23563795,0.13642225608984535,0.1558889022213872,0.018660896130346234
OLFM4,1.4837344,0.047882587,0.13787941191628056,0.1573743344677273,0.02712394530113471
PTPRQ,1.4785724,-0.013343287,0.1392546567617051,0.15858237931566188,0.03644166424207158
AGR2,1.4766165,0.22491871,0.13977845068226163,0.15899798765107262,0.027734943264474832
CD8A,1.4693607,0.16996935,0.1417349654709416,0.16104052262929916,0.031200901949374454
OSM,1.4484931,0.17162074,0.14747918538079496,0.16737717070994984,0.03220832121035787
RYR2,1.4186914,0.18198037,0.15598900191803522,0.17643501798864775,0.02562554553389584
KDR,1.4169606,0.07196047,0.15649444747389446,0.17680693219116067,0.0429116962467268
CITED1,1.4070958,0.16166578,0.1593989740981916,0.17988542623707982,0.037099941809717776
PTTG1,1.3947878,0.09901502,0.1630798521003336,0.18362534527832838,0.04518111725341868
CRP,1.3774889,0.20170516,0.16836114994637275,0.18914647710024593,0.022756037241780623
ITK,1.3467437,0.13266553,0.17806278155262123,0.1991517813789652,0.02930608088449229
NPHS2,1.3316183,-0.026845193,0.18298562739105795,0.20442925560094755,0.08283750363689264
MYH6,1.3095962,0.25141746,0.19033248516611068,0.21237497098198282,0.015118562700029096
FGG,1.2956377,0.21053146,0.19510034016881705,0.2169949338988732,0.02002109397730579
TLR4,1.2834468,0.12708154,0.199335596456097,0.2214594140427892,0.027724032586558044
EZH2,1.2452711,0.11921474,0.2130321140917132,0.2358906484577488,0.03248108815827757
FFAR3,1.2322187,0.118597806,0.2178673773850761,0.2409781710082444,0.03531422752400349
IFNAR2,1.208464,0.08634605,0.22686884768912308,0.2502387374988795,0.04212249054407914
ACKR1,1.2081494,0.17334458,0.22698978386511748,0.2502387374988795,0.024352633110270586
COL9A3,1.1253792,0.065404035,0.2604283959938539,0.2858430091993945,0.04885074192609834
CD59,1.1228207,0.09851099,0.26151362289495317,0.2867197552221776,0.1551862089031132
ANXA4,1.0965018,-0.0013099901,0.27285922710266053,0.2981791335477764,0.1440427698574338
FPR1,1.0936048,0.11080139,0.27412833833496075,0.2992393311595373,0.04042406168169916
CD8B,1.0685055,0.12955275,0.28529253587185743,0.3107484531096075,0.02904058772185045
CLEC4D,1.0635267,0.14058764,0.2875431224579069,0.3128594191090922,0.02494908350305499
GZMB,1.0620165,0.16002236,0.28822819998835203,0.3132643085649733,0.02345432062845505
FAM30A,1.041245,0.12310891,0.29776188664072234,0.32292486297655804,0.028709630491707886
TPM1,1.0374801,-0.12589324,0.2995121373083002,0.32447148208399185,0.25285132382892056
MYL7,1.02913,0.1669601,0.3034185936951833,0.32834812139338215,0.02801498399767239
IKZF3,1.016422,0.081450135,0.3094284313975778,0.3341292986288839,0.02848050625545534
ESAM,0.9881678,0.015713945,0.3230704679411692,0.34810929861045253,0.06417660750654641
KRT23,0.9582331,0.12708727,0.33794523076202365,0.36335464660879235,0.02567646203084085
CCL5,0.93461436,-0.030596338,0.34998708190173966,0.3758981426863105,0.04665769566482397
TNFSF4,0.9316284,0.097569585,0.35152859357348365,0.37714911271924667,0.02878964212976433
ENTPD1,0.92933756,0.082501434,0.35271417830816576,0.37801594484633183,0.03656531859179517
VWF,0.92506224,0.06325409,0.35493353071274625,0.3799876622924695,0.04015493162641839
PTGDR2,0.91857404,0.15759386,0.3583184079372015,0.38320163071061825,0.023156095432062845
XKR4,0.88514906,0.17698361,0.3760762394822489,0.40176341058882725,0.016202356706430027
PRSS2,0.77575594,0.07160157,0.43789308576074937,0.4668061542561343,0.04843977305789933
RSPO3,0.7220064,0.18336637,0.470290554474985,0.4997461199888111,0.013318300843759092
NELL2,0.7127855,0.109223604,0.4759785120511212,0.5052539666629611,0.019290078556881002
RARB,0.70722365,0.07365297,0.4794275102979929,0.508375993440986,0.055699010765202214
IFNG,0.68927985,0.13122998,0.49064717940954017,0.5186249488795667,0.02027567646203084
NOSIP,0.64728206,0.041635934,0.5174494259284455,0.5441983438535851,0.0741926098341577
CD33,0.6471123,0.11227298,0.5175592640845285,0.5441983438535851,0.02597832411987198
CCR2,0.5782612,0.098006345,0.5630877970824926,0.5902103506592409,0.028804189700320046
CDH11,0.5602359,0.119855314,0.575318521392616,0.6017699476635409,0.031517311608961304
FGFR1,0.52891845,0.044715542,0.5968620344489435,0.6236522927801591,0.028175007273785278
COL16A1,0.5050762,0.11122533,0.613505281302499,0.6392262204189618,0.06956648239743962
DHRS2,0.4420864,0.037891164,0.6584266910054404,0.6836982548718318,0.041213267384346816
HCK,0.43584096,0.10237282,0.6629521285383403,0.6876409012187721,0.02168315391329648
CCL19,0.43495166,0.07178577,0.6635975130642695,0.6876409012187721,0.03972577829502473
IL15,0.42137817,0.07718873,0.6734789574017646,0.6964384673131884,0.029880709921443118
TLR3,0.4177797,0.069765195,0.6761081736455429,0.6984357913510717,0.03750727378527786
EPHB2,0.3951013,0.05018301,0.6927681339293663,0.7149081464570058,0.04647948792551644
ADGRL4,0.38971376,0.06894934,0.696748208304105,0.7182749294669507,0.025338231015420425
FYB1,0.358722,-0.03964784,0.7198030600093979,0.7397565329254695,0.027847686936281642
ALCAM,0.2823011,0.03983853,0.7777126485723321,0.7968171558044058,0.05855033459412278
TLR7,0.27474064,0.08357572,0.7835155102596307,0.8019417441409922,0.020515711376200174
PDGFD,0.21332979,0.060954724,0.8310697405231509,0.8472769447579958,0.017235234215885947
VTN,0.21316949,0.0871981,0.8311947649873644,0.8472769447579958,0.02272330520803026
IL17RA,0.20776916,0.030187713,0.8354092142222788,0.8507066362527985,0.05632455629909805
PSD3,0.17440118,-0.035743393,0.8615501874727887,0.8755797236031516,0.03227014838521967
COL17A1,0.1743576,0.081127055,0.8615844433057985,0.8755797236031516,0.029818882746581322
CD36,0.16611116,0.106804386,0.8680694726695398,0.8812753977101515,0.03400494617398894
IL16,0.15153988,0.021141013,0.879549858210489,0.892025742724113,0.03147730578993308
CD19,0.13819633,0.059370503,0.8900852573143601,0.9017969054369175,0.048876200174570845
NR3C1,0.13643613,-0.00034667968,0.891476513265826,0.9022932151456945,0.06005964503927844
CLEC14A,0.036138713,0.07608318,0.9711717530730523,0.9760471132792423,0.02894602851323829
UPK3A,0.021337608,0.08769752,0.9829763434415086,0.9859311821492487,0.025803753273203375
ADGRL1,2.5060924e-06,-0.0060684653,0.9999980004276388,0.9999980004276388,0.04807972068664533
DST,-0.0067073735,-0.009635335,0.9946483303669021,0.995642978697269,0.05176389292988071
MAPK13,-0.0075960406,-0.0050533116,0.9939392948667681,0.995642978697269,0.0491307826592959
NCR1,-0.02924755,0.050432365,0.9766671584587723,0.980585582364324,0.013943846377654931
IL2,-0.039500505,0.07068781,0.9684913515546932,0.9743315004082894,0.02069755600814664
PPARD,-0.09987759,0.026208306,0.9204415102457326,0.9269234927122518,0.04171879546115799
XBP1,-0.10270588,0.019195763,0.9181964081419509,0.9255937608762264,0.09786878091358743
ATG10,-0.104211785,0.030809471,0.9170012838093251,0.9253208519084016,0.05356415478615071
SOD2,-0.11695739,0.08853307,0.9068938224930706,0.9160451224173195,0.20770657550189117
ST6GAL1,-0.13281757,-0.094060846,0.8943376561246156,0.9042747411926668,0.07629473377945883
TTR,-0.23486763,0.10812773,0.8143114767213485,0.8317610083653774,0.0308590340413151
TNFRSF18,-0.24774751,0.051429477,0.8043297730711412,0.8224045994322905,0.026534768693628166
NLRP2,-0.28829905,0.020471172,0.7731178277928294,0.7929210508408016,0.02285787023567064
NFKB1,-0.3394581,0.0064890515,0.7342646540343928,0.7538450448086432,0.0449483561245272
LTF,-0.37031227,-0.069700696,0.7111498236326976,0.7316145667588184,0.02380709921443119
CD3E,-0.375069,0.009540673,0.7076091492373057,0.7287209448421225,0.026789351178353214
BMPR2,-0.42271733,0.018056056,0.6725014996992955,0.6961468471551135,0.045162932790224035
TNFSF13B,-0.47524437,-0.03984736,0.6346128073542736,0.6596546419123862,0.02775676462030841
ETV4,-0.48962447,0.054752514,0.6243996666310372,0.6497131666295928,0.04486834448647076
PPARG,-0.5048236,-0.018132446,0.6136827151075148,0.6392262204189618,0.03878382310154204
ADGRF5,-0.5053977,-0.53292084,0.6132795379382249,0.6392262204189618,0.06382019202793134
PCNA,-0.5771793,-0.0037702383,0.5638183123334963,0.5903578772445919,0.050756473668897295
FOXP3,-0.57982314,-0.009858137,0.5620338951544414,0.5897231960687587,0.02313427407622927
TLR8,-0.6028855,0.0003703802,0.5465848748033186,0.5741148580043253,0.02182499272621472
BST1,-0.65070426,-0.016440293,0.5152374219269658,0.5428975361567292,0.03004073319755601
MS4A6A,-0.6533542,-0.0055809994,0.5135279220791831,0.5416664383574945,0.049454466104160606
SLC2A1,-0.6573455,0.002124551,0.5109588034854147,0.5395250657055908,0.0480142566191446
AZU1,-0.6904171,0.026547052,0.4899319028810972,0.5184163158393006,0.03667806226360198
CD2,-0.69666845,-0.026304876,0.48601030151031677,0.5148109119701874,0.038521966831539134
FZD3,-0.7658863,-0.0045672026,0.4437439496297192,0.472037931540222,0.036754437009019494
PTPRC,-0.7747266,-0.048983835,0.4385012265755476,0.4669571572363012,0.023348850741926098
DDIT3,-0.78836966,-0.0022877522,0.4304805198007119,0.4593933905335955,0.0512038114634856
MYC,-0.9831939,-0.038209964,0.3255120235819222,0.35036294151129477,0.03197192318882747
TNFRSF10B,-1.0073336,-0.044528168,0.313774446591767,0.33845713473961075,0.052934972359615945
COL21A1,-1.0197189,-0.0652633,0.30786182159753117,0.33279663436191004,0.021912278149549026
LY75,-1.0438452,-0.031140467,0.29655704093695057,0.3219670260063856,0.029062409077684027
SAA1/2,-1.0814862,0.044332977,0.2794809019432989,0.3047498723804381,0.0327829502473087
NOTCH2,-1.1059936,-0.049422197,0.26872929872121143,0.29398691586877884,0.025669188245562993
S100A8,-1.1096342,-0.09977552,0.2671567017447397,0.29258627838783857,0.013030986325283678
LAMP2,-1.1397543,0.008569599,0.2543886703045064,0.2795203720909011,0.12288696537678208
EFNB2,-1.1419673,-0.06208172,0.25346763746489565,0.27881440121138523,0.035452429444282806
HTT,-1.1909176,-0.01646124,0.23368591686777496,0.2573372967927863,0.03938391038696538
TPSAB1/B2,-1.230901,0.20112944,0.21835987366412646,0.2412563284081574,0.035699738143729995
EMCN,-1.2461036,-0.14591779,0.21272634569300053,0.23581292584572927,0.03953665987780041
KRT4,-1.2772759,-0.09692005,0.20150485259044215,0.22362123885036872,0.018962758219377363
VEGFD,-1.298573,0.015324705,0.1940904898366992,0.2161118802297396,0.0378855106197265
MX1,-1.3090359,-0.00257756,0.1905222017400805,0.21237497098198282,0.06332193773639802
VEGFC,-1.3558561,-0.108780265,0.17514497814666696,0.19610752027384076,0.025861943555426245
IGF1R,-1.3682784,-0.02628959,0.17122496902023365,0.191933027983487,0.07968795461157986
GC,-1.3756968,-0.1614934,0.16891554058439162,0.18955656516252917,0.02831684608670352
SH3BGRL3,-1.388625,-0.01818793,0.16494680061679656,0.18551881732293637,0.1342231597323247
IL36G,-1.3994939,-0.06262259,0.16166490422637603,0.18223712739932701,0.024399912714576664
VHL,-1.4203857,-0.03415585,0.15549541729530772,0.17607569311380433,0.15473523421588595
IFNGR1,-1.4247793,-0.017905464,0.15422100060051624,0.17483037553920358,0.046399476287459995
IL7,-1.4811025,-0.15264994,0.13857927159657107,0.15799299643299275,0.015467704393366307
HDAC5,-1.5359194,-0.077971615,0.1245581375874785,0.14265754659618532,0.03731815536805354
DNMT1,-1.5476811,-0.06916891,0.12169909775166998,0.13986314219221774,0.06819901076520221
ITM2A,-1.5642416,-0.078281425,0.11776082690605605,0.1356485474487481,0.03889292988070992
KRT19,-1.5650373,-0.10841786,0.11757418810901515,0.13558958789991266,0.10661187081757346
LPAR5,-1.5707574,-0.011087041,0.11623902583033646,0.1342044577349098,0.031706430026185624
TAP1,-1.6046419,-0.018995628,0.10857263811103707,0.12578843836706957,0.05253855106197265
CTLA4,-1.6231736,-0.16276146,0.10455229087767132,0.12141165100759743,0.019897439627582194
CMKLR1,-1.6405594,-0.06867042,0.10088889497553806,0.11756668669442794,0.030149839976723887
NLRC5,-1.6899074,-0.13446882,0.09104565693141085,0.10646811050039984,0.035459703229560664
CD38,-1.7136414,-0.04423873,0.0865946007967962,0.10138151508490409,0.03544515565900495
IL1R2,-1.7310698,-0.05909193,0.08343932141284133,0.09791648386196268,0.03496508583066628
NRG1,-1.7481902,-0.14445268,0.08043109994439035,0.09460814458793741,0.03195010183299389
FOS,-1.7578249,-1.585082,0.07877730968057525,0.09277186704735979,0.14904713412860052
NLRP3,-1.8022455,-0.15076958,0.0715067934729303,0.08460791993664685,0.029557026476578412
GLUL,-1.8028579,-0.06576381,0.07141052972491325,0.08459401213566647,0.13372126854815247
IGF1,-1.804386,-0.10680322,0.07117081009294965,0.08440992997990829,0.03805644457375618
MMP12,-1.8070067,-0.13715148,0.07076123483771356,0.08402372013351278,0.023737998254291532
CSK,-1.8420843,-0.05657875,0.06546282023433929,0.0778245641978309,0.07269784695955775
IGHM,-1.870258,0.20544821,0.06144800074176731,0.07322553421727271,0.03185554262438173
HMGB2,-1.9438419,-0.05096519,0.05191451400752693,0.06230986633277513,0.08483052080302589
PARD3,-2.0488648,-0.087203205,0.04047533597636,0.04887311376638885,0.08492144311899913
HDAC4,-2.0890274,-0.13112935,0.036705245746896834,0.0444817808627648,0.058637620017457086
MYL12A,-2.1060202,-0.039142568,0.03520259074201486,0.04271247676697803,0.3084775967413442
CYP2U1,-2.1945229,-0.10348637,0.028197836724908814,0.034338241559165116,0.03672534186790806
IL1R1,-2.1989214,-0.15652198,0.027883501319100175,0.03399681464119279,0.029349723596159442
BMP7,-2.2335582,-0.28032038,0.025512165769606514,0.03121965517772142,0.02306517311608961
KLRB1,-2.4113188,-0.21345343,0.015894951789732933,0.019691642006834983,0.020239307535641547
WT1,-2.448671,-0.3851581,0.01433842863425304,0.017873931585164746,0.026221995926680244
TXK,-2.4993908,-0.1530549,0.012440700114736431,0.015566426018563959,0.028593249927262147
EPHA4,-2.6245813,-0.16356415,0.008675557618592067,0.010964940879053862,0.03147730578993308
RAG1,-2.6823323,-0.23110995,0.007311077640804472,0.009310927122703915,0.020242944428280476
COL11A1,-2.6939785,-0.1639758,0.007060469140231805,0.009003222432321066,0.02676752982251964
WNT5A,-2.7426662,-0.12765278,0.006094260956376176,0.007820968227349425,0.03883837649112598
EGFR,-2.765156,-0.14899951,0.005689559384125343,0.007310974253542321,0.07463267384346814
CCND1,-2.7753909,-0.07929169,0.005513540759768611,0.007103029987810012,0.11459485016002327
PTGS2,-2.8688126,-0.18401068,0.004120160392586126,0.005370156970024365,0.023792551643875472
BMP4,-2.8832586,-0.09432078,0.0039358432521042225,0.0051366089900343245,0.04418824556299098
ERBB3,-2.9512365,-0.057434022,0.0031650459154187265,0.004163220711345788,0.09295897585103288
IL17RE,-2.97532,-0.17160699,0.002926828573103491,0.0038600202920640245,0.03394675589176607
IL33,-3.020739,-0.1881388,0.002521584749914338,0.0033431871982307977,0.029113325574629038
STAT3,-3.0362105,-0.07830684,0.0023957198333953208,0.003188983448442442,0.0931117253418679
IL11RA,-3.044189,-0.13408367,0.002333084989854644,0.003109744440538613,0.04941446028513238
KLK3,-3.0771525,-0.15196924,0.002089883110677507,0.002804253342879604,0.03424498108815828
FGF1,-3.1102047,-0.29970357,0.0018695772177811187,0.0025221654919122642,0.03725996508583067
COL4A1,-3.1815968,-0.0040522157,0.001464655875418461,0.001983924940857753,0.1391911550771021
ADGRL2,-3.2390993,-0.1337253,0.0011990781292182653,0.0016442153525307996,0.05553898748908932
ATG12,-3.2811587,-0.100205846,0.001033815649471481,0.001423451808969673,0.051080157113762
ACVR1,-3.34892,-0.09771199,0.0008112716657437628,0.0011247686113705076,0.06867544370090195
RAC2,-3.4082055,-0.15345813,0.0006539160769748055,0.0009103894200998336,0.03508874018038988
CSF2RA,-3.465454,-0.2601532,0.0005293366561126974,0.000743150059984306,0.03947483270293861
MEG3,-3.4727564,-0.4256634,0.0005151425812689189,0.0007242383761940839,0.05321137620017457
KRT20,-3.4816313,-0.34833452,0.0004983695797408088,0.0007026309145359853,0.016966104160605178
KLRF1,-3.5354059,-0.31806117,0.00040714940217169264,0.0005772755688015076,0.02107215594995636
SMAD3,-3.577119,-0.103315964,0.00034740199543459435,0.0004939622122585638,0.05024730869944719
PTGIS,-3.6038585,-0.09708826,0.0003135279463178135,0.00044898637233781305,0.05473887110852488
LGALS3,-3.612168,-0.11581969,0.00030364777332580735,0.0004354604886807065,0.09143875472796043
FLT1,-3.6170814,-0.15258926,0.0002979436644037279,0.00042789326839043275,0.08386310736107071
LIFR,-3.6254854,-0.1298902,0.0002884190821061047,0.00041540647652979967,0.07319246435845214
LY6D,-3.6414087,-0.26018378,0.00027115023935722426,0.00039166145684932396,0.023152458539423916
SLC40A1,-3.6755524,-0.19321427,0.00023733531007282248,0.0003453090775914176,0.04572665114925807
TNFAIP6,-3.7531383,-0.19258708,0.00017463446841946823,0.0002578305352328727,0.02780768111725342
AIF1,-3.7980044,-0.3005071,0.00014586574752672527,0.00021727918642001784,0.040751382019202795
IL6,-3.8772013,-0.14917861,0.0001056649158454627,0.00015881468582779003,0.045399330811754436
PARP1,-3.9116468,-0.12957624,9.166891748668609e-05,0.0001384020911073496,0.06978833284841432
TGFB2,-4.0504203,-0.17665355,5.112568586726525e-05,7.825200543292433e-05,0.03841286005237125
SPINK1,-4.0842643,-0.6220821,4.4216640484723836e-05,6.819854718830286e-05,0.022217777131219085
LAMP3,-4.086768,-0.29070368,4.37423634122505e-05,6.757115088836844e-05,0.023883473959848706
DLL1,-4.0928493,-0.42515388,4.26104467987073e-05,6.592435432072025e-05,0.05497890602269421
JAK2,-4.186232,-0.22874813,2.836235592370136e-05,4.436049731191416e-05,0.03767820773930754
TNFRSF19,-4.2293034,-0.31791666,2.344163203213743e-05,3.712828111419235e-05,0.028091358743089902
PTPRCAP,-4.3462973,-0.22150597,1.3845483030204737e-05,2.2353755666507973e-05,0.040020366598778
PDGFA,-4.4617424,-0.18223849,8.129600696935142e-06,1.3296216682010465e-05,0.06780622636019784
CD28,-4.469698,-0.18192066,7.833008957617748e-06,1.2832801909288652e-05,0.0403549607215595
HDAC11,-4.518192,-0.24729772,6.236998922572977e-06,1.0268480134038734e-05,0.04304989816700611
KIT,-4.570588,-0.16962269,4.86357323198877e-06,8.10056040802123e-06,0.045112016293279024
ADM2,-4.59258,-0.21934754,4.377996011020385e-06,7.34065997827706e-06,0.03689263892929881
ICOS,-4.615206,-0.2760796,3.92706047045139e-06,6.60670173264175e-06,0.029607942973523423
ABL2,-4.850736,-0.20051748,1.2300411566494518e-06,2.108341092133735e-06,0.0448610707011929
SEC23A,-4.889207,-0.13933435,1.0124309777861078e-06,1.7413116989070345e-06,0.07244326447483271
IL23A,-4.9324985,-0.31095043,8.118438244861881e-07,1.40841536968921e-06,0.02781131800989235
BAG3,-5.01693,-0.11437148,5.250361742927673e-07,9.156118649251918e-07,0.10632091940645912
OLR1,-5.0806823,-0.2450015,3.760817387559985e-07,6.674784051325435e-07,0.028175007273785278
CCL20,-5.0933237,-0.2117735,3.5184052137674293e-07,6.277938714761491e-07,0.035696101251091066
NANOG,-5.160385,-0.24904573,2.464424531851013e-07,4.444844966455611e-07,0.037827320337503634
COL15A1,-5.2909117,-0.09945832,1.2170805476440378e-07,2.2395176988817678e-07,0.0808335757928426
ADGRA2,-5.33026,-0.084038004,9.807227585178146e-08,1.8146090226919268e-07,0.07299970904858888
RORA,-5.5272284,-0.15458594,3.2532922975739576e-08,6.09839998103283e-08,0.08861288914751236
SCNN1G,-5.539053,-0.41315395,3.0411193731816586e-08,5.722106189012858e-08,0.08106270002909514
IL13RA1,-5.588019,-0.22119321,2.29674719206295e-08,4.3378187533113454e-08,0.054404276985743384
ADGRE2,-5.792919,-0.36432365,6.917339982227057e-09,1.336729212781715e-08,0.028178644166424207
RNF43,-5.837686,-0.39119142,5.293080168670272e-09,1.0248304156361588e-08,0.026542042478906024
FZD8,-5.8400903,-0.2542086,5.217252734169174e-09,1.0121065866091752e-08,0.047803316846086706
DDC,-5.914731,-0.13089947,3.324186226785623e-09,6.511762060689645e-09,0.13547061390747744
TNFSF15,-6.023729,-0.24872626,1.7044389510705326e-09,3.378501762419016e-09,0.040394966540587725
CHI3L1,-6.1073003,-0.5850407,1.0133050555763012e-09,2.028636721263755e-09,0.028324119871981378
TSC22D1,-6.1297545,-0.23913588,8.801481952963326e-10,1.7691332198627088e-09,0.17084666860634273
PDGFC,-6.2371063,-0.21990012,4.4573847271560677e-10,8.995649419119403e-10,0.06729342449810882
ADGRA3,-6.3243155,-0.30447763,2.5435716131896756e-10,5.164533843413521e-10,0.04155513529240617
SOD1,-6.335521,-0.027657347,2.3653996587048056e-10,4.812530606429899e-10,0.26776985743380854
FGF2,-6.355408,-0.29578513,2.0787375342720967e-10,4.263967770095018e-10,0.04279167878964213
IFNAR1,-6.368725,-0.24766085,1.9060611863135196e-10,3.917797222792265e-10,0.05843031713703811
TNFRSF21,-6.373804,-0.17720005,1.8439595057124248e-10,3.805780340655953e-10,0.08412860052371254
CUZD1,-6.440928,-0.29761755,1.187451780759628e-10,2.4660564990464474e-10,0.04001309281350014
IFI44L,-6.4461517,-0.29114175,1.147258083452656e-10,2.3875370925906626e-10,0.042227960430608086
CXCR4,-6.549275,-0.40163797,5.7817123092517076e-11,1.22876730818704e-10,0.05332775676462031
IL17RB,-6.5554914,-0.38294852,5.545893159878208e-11,1.1811572453272524e-10,0.07129036950829211
BBLN,-6.642948,-0.27570453,3.0746985267847824e-11,6.604663573629972e-11,0.05819391911550771
KRAS,-6.8300233,-0.36824983,8.490094374743703e-12,1.8678207624436146e-11,0.03873654349723596
FZD6,-6.885263,-0.4246896,5.768092514432222e-12,1.271775464085166e-11,0.03313936572592377
S100A2,-6.9263234,-0.18761916,4.31918462245818e-12,9.58648294252913e-12,0.08633619435554263
ALDH1A2,-6.9982796,-0.1808142,2.591247646040359e-12,5.789818959121427e-12,0.07373799825429153
ITGA9,-7.0108733,-0.27744922,2.368353533267691e-12,5.3155199255626875e-12,0.05247672388711085
G6PD,-7.021494,-0.26113954,2.1950824541705095e-12,4.937702329493663e-12,0.05051643875472796
STAT5A,-7.2450385,-0.24938093,4.323166622241278e-13,9.857607719506878e-13,0.05885947046843177
KRT15,-7.441722,-0.41393164,9.938135994095001e-14,2.292182979283202e-13,0.0320628455048007
TNNT2,-7.443724,-0.7985924,9.78859387355742e-14,2.2629058816237823e-13,0.02806226360197847
GSN,-7.50821,-0.110686906,5.994114704614676e-14,1.395374144027742e-13,0.17700756473668897
HDAC1,-7.60236,-0.29588944,2.907786466817783e-14,6.800687507674301e-14,0.05643366307826593
NTRK2,-7.617845,-0.36329013,2.5794536694262653e-14,6.06111061759552e-14,0.0405913587430899
CD47,-7.648397,-0.34694326,2.035002927633046e-14,4.82710410085469e-14,0.04803244108233925
HDAC3,-7.779437,-0.27913147,7.284790357531958e-15,1.744515585619495e-14,0.06530040733197556
IFNGR2,-7.880104,-0.29248488,3.2710856434963992e-15,7.909074224975594e-15,0.0542951702065755
ACSL4,-7.8996954,-0.34653676,2.79585827769822e-15,6.7764022662855165e-15,0.057997526913005526
ARF1,-7.9238353,-0.12556165,2.3029463619787976e-15,5.5952653115067385e-15,0.31839903986034335
IFIT3,-7.993323,-0.33043364,1.3134932213473774e-15,3.222565476884129e-15,0.044286441664242074
BCL2,-8.219474,-0.23909283,2.0439857993594722e-16,5.115074462897079e-16,0.09889074774512656
SREBF1,-8.294883,-0.2759795,1.0869266817613245e-16,2.754464831501483e-16,0.06096523130637184
ATR,-8.429483,-0.35277477,3.4719545106410953e-17,8.84332433880849e-17,0.05384419551934827
GSTP1,-8.440958,-0.051182847,3.147462041116445e-17,8.057824816259748e-17,0.26450392784405
AKT1,-8.651486,-0.2537877,5.083274617300498e-18,1.318227433139326e-17,0.07702211230724469
SLC26A4,-8.707383,-1.4389459,3.1096982678223594e-18,8.106270745026515e-18,0.0451338376491126
HIF1A,-8.751177,-0.2730452,2.1113910195811543e-18,5.518283056398788e-18,0.10617180680826302
MKI67,-8.814455,-0.5920549,1.202689777750707e-18,3.1681380724433095e-18,0.02639656677334885
BMPR1A,-9.020354,-0.3800143,1.874824671782902e-19,4.991222065039056e-19,0.048297934244981085
JAG1,-9.076336,-0.34007624,1.1229185261746615e-19,3.013515937535754e-19,0.09814154786150713
ST6GALNAC3,-9.0894165,-0.8335185,9.957207815565874e-20,2.6793454363928598e-19,0.024610852487634564
AHR,-9.1393,-0.4518429,6.285748953898416e-20,1.7005499196898148e-19,0.0363580157113762
RGS1,-9.154565,-0.52507377,5.457746118819786e-20,1.4805430528288905e-19,0.05780113471050335
SNAI1,-9.261752,-0.20978698,2.0110391516071747e-20,5.485150383538915e-20,0.09505018911841723
EFNA1,-9.391379,-0.26034045,5.921948002661451e-21,1.6330220249763397e-20,0.10109106779167878
PFN1,-9.408377,-0.16760087,5.038574635979734e-21,1.3932633178496445e-20,0.42623654349723594
IER3,-9.532593,-1.1438142,1.5340251080711847e-21,4.289271321729765e-21,0.1722941518766366
STAT1,-9.729018,-0.34391856,2.2677147785708193e-22,6.412379924715791e-22,0.12041024148967122
APOE,-9.772029,1.4017686,1.4844920517159628e-22,4.221524272067269e-22,0.36923188827465814
TOX,-9.830366,-0.5942825,8.331570190457612e-23,2.382829074470877e-22,0.030015274949083504
TFEB,-9.938409,-0.5267162,2.8331559187386123e-23,8.149393892693537e-23,0.03900931044515566
GADD45B,-10.064376,-0.48638067,7.938930641135312e-24,2.3236460736188444e-23,0.13692537096304916
CLEC2D,-10.116151,-0.54923725,4.6847986580634426e-24,1.3752150899476558e-23,0.038518329938900205
CALM2,-10.181628,-0.15862286,2.395190148663004e-24,7.072523123338251e-24,0.197428716904277
CCR7,-10.24588,-0.36337826,1.2349613843513728e-24,3.668238414646066e-24,0.04829066045970323
PTGES2,-10.249044,-0.41136554,1.1951879652558713e-24,3.56066414649145e-24,0.05669551934826884
ENO1,-10.38351,-0.025366219,2.9473766622467033e-25,8.806937429578955e-25,0.4362089031131801
IRF3,-10.514997,-0.263359,7.368355269327572e-26,2.214932019398468e-25,0.11139802153040443
ADGRF1,-10.591212,-0.6801285,3.2732366376722763e-26,9.898821372537609e-26,0.04989816700610998
SLC26A7,-10.593148,-0.7645216,3.206250120811077e-26,9.725625366460266e-26,0.03871472214140238
ACKR4,-10.614992,-0.45462745,2.538164632547922e-26,7.722500903284103e-26,0.040998690718649984
IL18,-10.65018,-0.94916993,1.7402930860045077e-26,5.327319202111658e-26,0.0310081466395112
CYSTM1,-10.709479,-0.15142596,9.187692495437529e-27,2.8211288920039774e-26,0.2260546988652895
SOSTDC1,-10.903536,-0.36936185,1.1086323435704555e-27,3.43573057558522e-27,0.048636165260401515
TTN,-10.984012,-0.48044196,4.562053835495635e-28,1.4270674654159785e-27,0.04043497235961594
SPOCK2,-11.140797,-0.7660526,7.940608403220314e-29,2.51536361127327e-28,0.052633110270584815
CTNNB1,-11.188928,-0.17336541,4.619859682129916e-29,1.4727641852904606e-28,0.1785641547861507
EIF5A/L1,-11.212318,-0.15505882,3.5477630910267256e-29,1.1346041067468856e-28,0.31025967413441957
ITGA3,-11.251583,-0.42799217,2.27472578249169e-29,7.298078552160839e-29,0.06710066918824556
ACVR2A,-11.251762,-0.40768364,2.2700926189193785e-29,7.298078552160839e-29,0.05561172534186791
UTY,-11.391476,-0.8450157,4.611127776780653e-30,1.498616527453712e-29,0.022552371254000583
HLA-DPA1,-11.497535,0.047603536,1.3573736440262982e-30,4.4258339337795586e-30,0.1542588012801862
AZGP1,-11.598385,-0.34671408,4.199299760962126e-31,1.3827299541852266e-30,0.14962540005819028
CCL11,-11.620875,-0.52186763,3.228124142209884e-31,1.0699841941563226e-30,0.03803462321792261
GPNMB,-11.80323,-0.36417082,3.7561128812220617e-32,1.2532896647010944e-31,0.06371835903404131
MYH11,-11.981528,-0.42884144,4.4405935626879436e-33,1.48663349707379e-32,0.04266075065464067
ATM,-12.083687,-0.46110162,1.288114446835737e-33,4.370856139940924e-33,0.05320410241489671
TRPM6,-12.099314,-1.0701541,1.0649783863715433e-33,3.6259978393126355e-33,0.03648894384637766
TYK2,-12.135743,-0.2695045,6.828697654182153e-34,2.3329441473844144e-33,0.11876272912423626
RAMP3,-12.26788,-0.43905288,1.3473354503855762e-34,4.650630295986075e-34,0.06307462903695082
SIGIRR,-12.536559,-0.20952044,4.710045839653639e-36,1.6659914789728949e-35,0.1301243817282514
JAK1,-12.583738,-0.22589315,2.5945407050873156e-36,9.209699453164549e-36,0.12981160896130345
DUSP2,-12.592125,-0.6978131,2.3330694892573715e-36,8.31104113432964e-36,0.04419188245562991
CCL8,-12.787417,-0.68226075,1.9277391350209608e-37,6.991546645492687e-37,0.03237198137910969
BST2,-12.897484,-0.3472018,4.650341406322609e-38,1.6927242719014295e-37,0.10917951702065755
CXCL17,-13.023564,-0.6281081,8.987523149426578e-39,3.2954251547897454e-38,0.03588158277567646
DNMT3A,-13.095322,-0.47715694,3.5018813141141585e-39,1.2887438218486296e-38,0.056819173697992435
YES1,-13.196462,-0.4195035,9.195407108824491e-40,3.4091120429382645e-39,0.06661332557462904
SCN2A,-13.409787,-0.7365363,5.299038960517186e-41,1.9866434454972672e-40,0.045097468722723306
ABL1,-13.714026,-0.4399973,8.36823867784333e-43,3.160983742083462e-42,0.07550916496945011
WNT9B,-13.785541,-0.5118305,3.1142527551148645e-43,1.1808208363143861e-42,0.04690500436427117
NPR2,-13.917141,-0.5294626,4.984446399477865e-44,1.9116593279223537e-43,0.04750145475705557
BECN1,-13.991738,-0.5016802,1.7507907120250196e-44,6.740544241296326e-44,0.05868126272912424
STAT5B,-14.042583,-0.43062904,8.55363608041558e-45,3.3058647554038595e-44,0.06798079720686645
RYK,-14.0777235,-0.47104725,5.2060084290873926e-45,2.0277098978663345e-44,0.05902313063718359
MAP1LC3B/2,-14.093598,-0.35689571,4.158202622916476e-45,1.6322983629566247e-44,0.09244981088158277
ATG5,-14.295459,-0.46984187,2.335610529509149e-46,9.314526454337284e-46,0.06213631073610707
SMAD4,-14.5739765,-0.5058322,4.112417607575099e-48,1.6466120100730698e-47,0.06327465813209195
ACACB,-14.583369,-0.37092572,3.58382569787454e-48,1.4407267162941424e-47,0.10799025312772767
THSD4,-14.583939,-0.55893046,3.5540530094788444e-48,1.434518976809808e-47,0.047530549898167004
IL12RB1,-14.847561,-0.685552,7.214616093240831e-50,2.947686003809825e-49,0.038765638638347394
IL20,-14.849155,-0.74016833,7.045017097131178e-50,2.890189391077176e-49,0.03415042187954612
SLC4A9,-14.859319,-1.8099769,6.05376752219157e-50,2.493753617166157e-49,0.0451956648239744
COL18A1,-14.937748,-0.35157862,1.8719473386598282e-50,7.743054900820199e-50,0.2951956648239744
APOC1,-15.010655,-0.46272546,6.252661895236588e-51,2.597059982212375e-50,0.060536077974978175
TNFRSF11B,-15.120194,-0.47198245,1.1919077873853571e-51,4.992048933777165e-51,0.05867035205120745
NOTCH3,-15.227191,-0.32299775,2.3340777074280247e-52,9.858277574411192e-52,0.09831611870817573
IDO1,-15.253688,-0.73811096,1.5559053756635165e-52,6.599412207793135e-52,0.03560881582775677
MZT2A/B,-15.6061325,-0.20296857,6.612557071489604e-55,2.890467086707901e-54,0.19809426825720106
KRT1,-15.610113,-0.78354937,6.212691352272638e-55,2.727589492817943e-54,0.03397221414023858
EPHB6,-15.737443,-0.6492843,8.376042111623046e-56,3.693576279178268e-55,0.044104597032295606
CD3G,-15.881429,-0.75530505,8.521533805484577e-57,3.8080604193259202e-56,0.036117980797206864
MAML2,-16.006374,-0.5838382,1.1533678270351904e-57,5.200545922802817e-57,0.05497163223741635
RBPJ,-16.252733,-0.5765163,2.136218840239164e-59,9.764178351960745e-59,0.058281204538842016
KRT86,-16.337708,-0.5270918,5.321646904768463e-60,2.443563555813409e-59,0.058233924934535934
CDH19,-16.38234,-0.85527134,2.5571585816289953e-60,1.1795925070095043e-59,0.031877363980215304
SEC61G,-16.475716,-0.49951926,5.483584112847736e-61,2.5412350448891594e-60,0.07239962176316556
KRT7,-16.490736,-0.8434551,4.277026921573419e-61,1.9913041620906943e-60,0.10690282222868781
NLRP1,-16.580256,-0.64781535,9.68175679442352e-62,4.5287096033728704e-61,0.0472068664533023
HEY1,-16.630648,-0.6183301,4.180562123336227e-62,1.9646679274458044e-61,0.05037096304917079
EFNA5,-16.73022,-0.69722366,7.894587971762142e-63,3.7452523979781538e-62,0.051407477451265636
RARRES2,-16.817171,-0.42245942,1.826767777192321e-63,8.791319927738044e-63,0.17516002327611288
LINC01781,-16.9891,-0.6823861,9.88949115481392e-65,4.8055245854217156e-64,0.04592304335176026
PLAC8,-16.994635,-0.6847089,8.998943540469091e-65,4.394118284882712e-64,0.04447919697410532
ITGAM,-17.086115,-0.82538116,1.8830996229509322e-65,9.285629175240804e-65,0.03417588012801862
ADGRV1,-17.164133,-0.90956277,4.927795510578474e-66,2.45409119705923e-65,0.03171370381146348
LYN,-17.31787,-0.96139735,3.4489010823530036e-67,1.726174991717678e-66,0.03177189409368635
SYK,-17.347662,-0.90966076,2.054392639973926e-67,1.0333904686502009e-66,0.039994908350305496
CLOCK,-17.376743,-0.86417514,1.237865098265002e-67,6.258095774561956e-67,0.03430680826302008
PDS5A,-17.473114,-0.44512048,2.2961532496557654e-68,1.1847677334564027e-67,0.0928753273203375
IL15RA,-17.907639,-0.7068308,1.0280482726347651e-71,5.444848258769312e-71,0.04503200465522258
LHX1,-18.013498,-0.9314298,1.5266756317921934e-72,8.128735677787158e-72,0.05509164969450102
NOD2,-18.017384,-0.73996496,1.4231757535730757e-72,7.618176092655876e-72,0.043166278731451846
ARID5B,-18.09122,-0.48008418,3.7371077250025205e-73,2.0112068993158725e-72,0.08090631364562118
TGFBR1,-18.304392,-0.5420976,7.634076639692643e-75,4.1757982056460855e-74,0.06351469304626127
RXRB,-18.549599,-0.454036,8.21628144592244e-77,4.569165404093535e-76,0.10112743671806808
EPOR,-18.64829,-0.5892502,1.3037824810433655e-77,7.373368720476886e-77,0.07363252836776259
LDLR,-18.780266,-0.6093625,1.0952931473942335e-78,6.229479775804702e-78,0.05679371544951993
TNFSF10,-19.195517,-0.62312454,4.0344384207121785e-82,2.307698776647366e-81,0.08593977305789934
TWIST1,-19.470766,-0.9396197,1.943457004013263e-84,1.131046779661207e-83,0.03378673261565319
MAPK14,-19.565556,-0.51298094,3.0407426447465304e-85,1.7799902850241388e-84,0.0905913587430899
PTK2,-19.851727,-0.5863785,1.0647730472563055e-87,6.306732664518118e-87,0.07414169333721268
CD9,-20.18917,-0.5280726,1.21893815655317e-90,7.262839849462637e-90,0.12640384055862672
COL4A5,-20.353699,-0.8934179,4.3053280660212604e-92,2.627825240297123e-91,0.04703956939191155
INHA,-20.425177,-0.39013046,9.989564329025118e-93,6.134695640094566e-92,0.12534550480069828
EFNB1,-20.625616,-0.6033212,1.6165953796346438e-94,9.988962808730114e-94,0.0671915915042188
PPARA,-21.234976,-0.43549025,4.539246641979971e-100,2.912683261937148e-99,0.10098923479778876
CDH1,-21.285084,-0.44959885,1.5607086405008486e-100,1.0079157091234512e-99,0.1174643584521385
ANGPT2,-21.301718,-1.0249016,1.0943352803517046e-100,7.11317932228608e-100,0.03378673261565319
ICA1,-21.436054,-0.925292,6.162180021298005e-102,4.058119869289015e-101,0.05574265347686936
ITGA2,-21.850655,-0.74415666,7.662655817754085e-106,5.217903723518258e-105,0.05515347686936282
FGFR3,-21.882147,-0.4688578,3.8432667481513076e-106,2.6350068595201774e-105,0.10508073901658423
ADGRG1,-22.424988,-0.43457168,2.2456009293572394e-111,1.5829905142863357e-110,0.17748036077974977
CD164,-22.531364,-0.84136575,2.0455418594410705e-112,1.4521896463124196e-111,0.048403404131510036
CEACAM1,-23.521666,-0.9899663,2.4485856610019016e-122,1.776111772944133e-121,0.042224323537969156
TNNC1,-23.5558,-1.1180726,1.0947837178061767e-122,7.999113149810094e-122,0.04687954611579866
SLC12A1,-24.411446,-1.5006659,1.2927568261305572e-131,9.80340593149006e-131,0.1760656095432063
CD14,-24.73872,-0.3199712,4.100245206084404e-135,3.1816631405352624e-134,0.10235306953738725
SLC12A3,-25.540136,-2.663228,7.066893246467636e-144,5.570047354105593e-143,0.054236979924352634
PPIA,-25.860853,-0.604724,1.8370137962690788e-147,1.459405404813768e-146,0.6347032295606634
EPCAM,-25.872438,-0.3827746,1.3607208695183308e-147,1.0896652723102793e-146,0.19187154495199302
GATA3,-26.10864,-0.99939233,2.908668295753093e-150,2.3671357431291433e-149,0.07498545242944428
S100A6,-26.930008,0.12837563,9.78224806406686e-160,8.228596900950359e-159,0.41970104742508
S100A10,-27.041002,-0.23836403,4.873313538531843e-161,4.1340566542969277e-160,0.16838812918242654
CASR,-27.057516,-1.1419948,3.1158185516736944e-161,2.6657558719874943e-160,0.05996872272330521
BTF3,-27.37071,-0.387384,6.123003851037554e-165,5.2837300473177514e-164,0.2274549025312773
SMARCB1,-27.574408,-0.6192824,2.2562818037256707e-167,1.96394616132991e-166,0.08958757637474542
ITGA6,-27.626219,-0.92930645,5.389379145038172e-168,4.7322530913887805e-167,0.07444355542624381
RBM47,-27.944084,-0.41235766,7.778993212374669e-172,6.890948854501809e-171,0.1824228978760547
PTGES3,-28.018105,-0.5624811,9.778623785573973e-173,8.739645008356739e-172,0.1277313063718359
AHI1,-28.259474,-0.7794442,1.0887055802243619e-175,9.817966538780056e-175,0.07253054989816701
CD58,-28.597504,-0.94359785,7.2164948298811696e-180,6.627258096065184e-179,0.05197483270293861
CREB5,-28.65842,-0.7208796,1.2590357987496702e-180,1.1778456397648784e-179,0.07864416642420716
ACVR1B,-28.698877,-0.60040796,3.9402153568468754e-181,3.720901483211059e-180,0.11935554262438172
CFLAR,-29.254808,-0.5957268,3.900423308461042e-188,3.827768364479905e-187,0.11722432353796916
FZD4,-29.700336,-0.8728236,7.602070550279825e-194,7.609672620830105e-193,0.08813645621181262
FHIT,-29.774624,-0.9044195,8.326184742015707e-195,8.418697905815882e-194,0.05790296770439337
IL6ST,-29.930954,-0.509184,7.786988184510332e-197,7.953852217035553e-196,0.16191446028513237
TUBB,-31.443825,-0.2662219,5.09833838924418e-217,5.487566373799381e-216,0.30861579866162353
YBX3,-31.581913,-0.21006233,6.541361651908987e-219,7.117285884305322e-218,0.25358233924934537
FGFR2,-31.742245,-0.98818207,4.062532972747396e-221,4.4687862700221354e-220,0.06404931626418388
TNFSF14,-32.48705,-1.3196813,1.6249037553177805e-231,1.8483280216739752e-230,0.03750727378527786
TNFRSF1A,-33.720158,-0.5292766,2.9284091535315843e-249,3.4486324266883716e-248,0.13575792842595286
DDR1,-35.250446,-0.7157396,3.377337111029022e-272,4.122822497731769e-271,0.15889220250218214
IL7R,-35.375446,-1.4053681,4.073899282951377e-274,5.034534792881887e-273,0.03942027931335467
GAS6,-35.480682,-0.8556558,9.761886809417036e-276,1.2214560870283066e-274,0.10034550480069829
ACKR3,-35.70357,-0.8501002,3.4793891370437188e-279,4.4086943369376735e-278,0.07921152167588012
SLC8A1,-37.530525,-2.5006387,2.9282686724938934e-308,3.856838080482089e-307,0.05125472796043061
FYN,-37.709457,-1.0881579,0.0,0.0,0.06297643293569974
GLUD1,-37.744503,-0.65771633,0.0,0.0,0.13079356997381436
TCF7,-38.091892,-1.2027069,0.0,0.0,0.05343686354378819
TLR2,-38.82573,-1.0028843,0.0,0.0,0.0734106779167879
VEGFB,-39.315628,-0.8282683,0.0,0.0,0.10396421297643293
SMAD2,-39.380276,-0.98566633,0.0,0.0,0.08129909805062555
INSR,-39.506695,-0.70635784,0.0,0.0,0.14069319173697992
ERBB2,-40.421356,-0.58556706,0.0,0.0,0.18790005819028222
SMO,-41.137188,-0.87336296,0.0,0.0,0.09279531568228105
CSF1R,-42.3852,-0.8741335,0.0,0.0,0.08636165260401513
NR1H2,-44.036816,-0.84243464,0.0,0.0,0.10155659004946174
RAC1,-44.382317,-0.66662735,0.0,0.0,0.1751709339540297
RACK1,-44.426525,-0.6375743,0.0,0.0,0.18890747745126563
ITGB5,-45.509995,-0.90834796,0.0,0.0,0.09983997672388711
BTG1,-45.673588,-0.829334,0.0,0.0,0.15727742217049753
COL6A1,-45.898605,-1.1979262,0.0,0.0,0.21620235670643004
GPX1,-46.340096,-0.5344051,0.0,0.0,0.31813718359034043
GPX3,-46.762096,-0.12671165,0.0,0.0,0.39404640675007274
MECOM,-46.782623,-1.1626606,0.0,0.0,0.09280258946755891
MIF,-47.019463,-0.643069,0.0,0.0,0.35129837067209774
FGF9,-47.80384,-1.6342063,0.0,0.0,0.05360416060517893
NACA,-47.89031,-0.9411382,0.0,0.0,0.11035423334303171
ITGAV,-48.534378,-0.9801873,0.0,0.0,0.11981015420424788
ATP5F1E,-49.680138,-0.70649177,0.0,0.0,0.18963121908641256
CLEC4A,-50.317974,-1.1701944,0.0,0.0,0.07971341286005237
KITLG,-50.33067,-1.5539486,0.0,0.0,0.07207957521093977
MTOR,-51.444824,-1.1014578,0.0,0.0,0.08501600232761129
ESRRB,-51.557438,-1.2413263,0.0,0.0,0.07753855106197265
SAT1,-52.626213,-0.9538384,0.0,0.0,0.2287860052371254
NPR3,-54.510147,-1.0503726,0.0,0.0,0.111110707011929
UMOD,-58.349953,-2.854606,0.0,0.0,0.1401585685190573
BCL2L1,-59.75999,-1.2336366,0.0,0.0,0.11149258073901658
HMGN2,-64.372856,-0.80085015,0.0,0.0,0.49922170497526913
RPL32,-69.307884,-1.0033917,0.0,0.0,0.18281568228105907
MALAT1,-69.6391,-9.950953,0.0,0.0,0.8412132673843468
UBA52,-70.30554,-0.869903,0.0,0.0,0.24844340995053826
FAU,-76.29118,-0.84932524,0.0,0.0,0.3368708175734652
RPL22,-77.54137,-0.9968294,0.0,0.0,0.2529422461448938
CALB1,-83.97171,-3.8880887,0.0,0.0,0.06361288914751237
EGF,-101.85638,-3.9570763,0.0,0.0,0.0637038114634856
RPL21,-116.29632,-1.4131896,0.0,0.0,0.46556226360197844
CD24,-120.95404,-1.9812503,0.0,0.0,0.23744544661041606
RPL34,-135.5413,-1.6421044,0.0,0.0,0.3077611288914751
TPT1,-140.65553,-1.4626757,0.0,0.0,0.34236252545824847
NEAT1,-153.60698,-2.4430788,0.0,0.0,0.4581029967995345
RPL37,-166.69595,-1.9077575,0.0,0.0,0.41979196974105326
VEGFA,-166.74051,-2.3231888,0.0,0.0,0.2102414896712249
RPS4Y1,-167.61113,-3.746272,0.0,0.0,0.03588885656095432
